,1,2,3,4,5,6,7,8,9,10,11,12,13,14,15,16,17,18,19,20,21,22,23,24,25,26,27,28,29,30,31,32,33,34,35,36,37,38,39,40,41,42,43,44,45,46,47,48,49,50,51,52,53,54,55,56,57,58,59,60,61,62,63,64,65,66,67,68,69,70,71,72,73,74,75,76,77,78,79,80,81,82,83,84,85,86,87,88,89,90,91,92,93,94,95,96,97,98,99,100,101,102,103,104,105,106,107,108,109,110,111,112,113,114,115,116,117,118,119,120,121,122,123,124,125,126,127,128,129,130
1,15.061574565086614,19.00353335013374,15.059765084467205,17.9799155458064,15.446546891006173,17.279557372162458,17.823782288937032,17.557099747413368,15.869486074314416,16.90677447051989,16.32729790862272,17.702021604289676,16.216841018108706,17.079667719679797,15.302578160829773,18.51958513164137,16.202996486230905,16.196631800591614,17.121595370905528,19.649096952262973,17.767105651871063,15.636910649776857,19.703993499673015,18.48909112574537,15.211529999863686,19.73509258445734,19.92395149893654,18.66961170405972,18.38036328943666,19.845321222215553,15.602573673589633,16.215456657203646,18.108473405590576,17.685542493770367,15.401156128404878,18.3022133033215,17.354866923189796,19.31006203567579,15.091333588545801,15.531917218348712,19.70518560220498,18.15398713592618,15.450517162030659,16.695564828166415,17.746464771156344,18.793647796245022,17.457578555785055,17.08305637386674,16.100326676816906,19.925353820134593,17.893099637068886,15.095949861577262,18.619418395377394,18.44344263080252,19.5092590233877,17.430517935954924,19.484225558063876,18.04986271225505,15.83271986037999,19.10239777445171,15.506169238860496,16.465921498034287,17.55607060369522,17.271655443482565,19.74478719383088,18.313579463435953,18.128423317621532,15.791357364556948,18.78523360722827,19.056530097470144,17.37617162301263,15.542114612275569,18.73003321039691,18.43014319753797,18.281769645563617,18.118663724028025,18.072218860270052,17.149043014100908,19.6202771483601,15.418332771783316,16.55793052167823,15.930461544856716,15.179028061679226,18.829487429680444,19.31910578182428,17.41185274698298,15.19788219833565,17.675100790076094,15.039424295594122,19.21512990754471,17.419290357568407,16.209625612776648,19.178644438492675,17.45771044066081,18.57837704472144,16.17658864480913,16.771138339653685,19.97243151952241,15.628550443702213,19.917259371352063,16.903180517204397,17.55334856910129,19.719426345251755,17.166591186881185,17.309648571722015,17.02878634888739,19.803287517196413,18.435979740925077,15.88651031895859,15.475712055143468,17.849883825792464,16.193538432766324,17.25227818052057,15.38293821680268,17.90580760516306,16.049681608016083,15.358341374307065,16.41496495631486,19.326146542147445,19.781456679527352,19.686198874865152,18.166353432196967,16.159082413962494,17.884445618864344,15.41669564912717,19.02716210053042,19.268580976162582,15.418774282590931,19.48361616180211,15.799274821816534
2,15.178324981128808,18.876656102297034,18.80594552720198,17.71663220649746,19.313837448047778,16.694111196390676,17.049822776919605,18.622967282746618,18.10821301595401,16.224908300513395,18.949698779210205,19.70463654919309,16.267801633089768,18.398012015912755,17.398509293753268,16.301686572982717,15.654667339411567,18.34298026725896,15.716965037982995,18.097859918990434,18.935290280528758,19.54011136203357,17.95741524651106,19.207867070344566,15.620805018379658,19.417484069404026,19.009068981800688,16.625972429974528,15.644459256285685,18.31307433040242,19.703318289845903,15.041151568979423,19.353905582928675,15.302865186120334,15.426185976222484,15.842632358305218,18.211459861857257,15.658016141717225,17.97845063037579,16.388345927588517,19.326827934770805,19.986333877636593,19.074563342034146,16.60033947840485,17.833066757965703,18.49138291172353,16.44440406690838,16.66127014546914,19.787122037271274,16.577035295083135,15.763839322836068,15.593209576105535,17.189588346956587,17.62232756577014,16.880683985474597,16.862612715253817,19.70669083257053,15.115947991515396,17.66037562191655,17.476637444048077,17.71626049941748,18.04486951338057,17.06164167316282,19.020044554903897,15.622906433174677,19.943105700320054,19.046716528553564,17.13207970937769,15.960077076650828,16.101664156295264,16.5289558466939,15.783603939210238,16.97369614387313,19.490341628179504,19.631041653268944,17.88414526174916,19.228472252117285,19.8686296436275,16.97380523513107,18.378327719514143,16.494403453662304,15.77988450147904,16.75379724695662,19.998764889504557,19.30177956889305,19.05773148164635,16.397821012137545,18.344842920259026,16.142187606193193,15.512651077782628,18.712449912352795,19.92601953929312,16.266897943372214,17.218230491694488,18.390204200770228,17.45644086752173,16.166080113536683,15.229683755208058,17.737232777294174,15.482471840035602,15.581373729816397,19.878581156783596,17.028122226420926,19.43185953551858,15.302065646326785,15.756823848609567,16.179334307099094,17.10382100504147,15.141479049707916,16.683164676291174,16.031888075741282,16.44937605949923,16.84300985033659,17.285365871599375,15.12005049321036,19.140587754314414,19.51261215965831,19.190595133429927,16.147225657405603,16.821346332284705,17.438685478704123,17.009141420666342,17.911151038876486,17.41813304794002,17.761969201334416,18.29656207535169,17.38240230701723,18.556497391214755,18.624838994329636,18.030809068858794
3,17.257164240618362,15.465904790942169,17.553475154864763,17.289486817249756,18.290009235628265,18.71142248194863,15.389026277752809,16.433653283196318,15.053410970774081,17.316793471527635,15.974235295599081,18.52064645247215,19.151960303629473,19.247219846005404,15.712363101695399,15.150330224083502,17.569682299522942,16.83579646841607,16.14772807683262,18.757142855979012,19.88248359644046,16.502756591153766,16.729572564195276,18.883153968901954,17.677062336887687,18.85603144390659,19.47843782046712,16.486764027200323,19.954677546768785,18.247850761034194,17.156403236228808,15.577929289695952,17.585394279467966,16.082168139787758,18.95742075238785,15.543029010680188,16.096081726320914,19.085937729642783,16.007556098754186,17.856945108807324,17.196198644011282,17.86978611695377,15.43919911338898,19.55102294994182,19.926812775974852,18.43247327662713,16.083334448559377,17.305790176305113,15.026727608630214,15.03103562518447,15.629376086249646,15.451539348025646,15.076467618706907,17.677825607411812,17.980640579570213,18.001750699345802,17.991462464320126,18.027628495573424,19.670732826854266,17.479454299506244,18.724063664304012,19.40231854430735,17.262077853786472,18.040397379512925,15.997889322777208,19.55580876501273,18.083398540620003,16.880498687346616,17.620460416971557,17.827947632960196,17.01183399974282,17.016305425750804,16.4259036068803,17.26061615924188,18.760080610094356,15.846275794943862,18.437912579309458,18.45658604039972,19.557603374798003,15.831382342764359,16.080944826886768,16.350219973433994,15.005003940667883,18.342758325127107,17.864922569070878,19.299114174488423,15.676933844480528,15.931499171461958,18.813115404955276,17.873192102687135,18.824885325154195,17.57569336061467,16.29553040871901,15.247829497649306,17.95590523019002,16.43711439427081,17.245431494958982,17.571943316925996,17.921085055976782,15.77703018990166,17.38297075558574,18.998775018008708,19.8778902426832,17.4358902662081,15.577647349682579,16.114678614119043,16.61207067828911,19.237603002493337,17.387823085890094,15.08329318031604,18.080835573368866,19.294761998811254,19.209599861899612,15.000397193076155,18.22491994077134,18.938472954966343,16.46830078595216,17.311212520645395,16.93308657468072,18.817407823974527,18.427004619286276,19.390757268576788,17.88638294973827,19.47771509114309,18.320529107948257,18.35603605680014,18.57206570397347,15.964885011850821,17.971389475757025,19.66402525225641
4,16.08206619026853,18.358810725187446,17.613979941477265,19.83216309870272,19.520108081300243,18.011101193994126,16.51615761719323,16.707249586880835,17.028203755748642,16.638221843672866,18.52028930029536,16.576822991219398,19.173780714024115,15.766249043817993,15.345668650292541,16.10774570344616,18.927927703451466,15.6772139586725,16.46081871839999,17.341850186876687,16.56862250572375,17.47165899918607,17.87931466920964,15.037717780561193,15.890931135712583,15.331770437532173,17.532845551674434,16.528883624171115,17.59508004361836,15.896775636826273,16.1023361270833,19.505041779137233,17.160623396009917,19.31740594584239,18.210639846206153,18.056615330142773,15.716158793482064,15.932359527568256,16.85875692559726,17.94686056008694,18.066924537597952,17.343933958697313,19.638768841621808,17.1881023293807,16.54524590155734,16.251727021975654,16.077896873872813,15.499811439690523,19.90378747356867,17.713834361010413,18.991743730174022,19.536770953513432,15.030568709381418,18.848083061870305,17.42835725851296,16.631757676588535,18.81887160888312,17.761291880898398,15.38395030875105,16.423596928665823,16.79344688032915,16.542352240946716,15.744443671934917,18.705756035726186,19.402460966683705,15.141812469785684,16.958462937772065,16.481467085083594,15.684316850803182,18.82636187048311,19.78079403090708,15.309835258444489,15.295716013213173,17.37932188774523,16.68291990675012,19.65690673855454,17.93919181201271,18.48892141706316,16.914264649068635,15.598999783299954,17.53394285984695,17.116730838490508,18.984120102922194,19.716561832068145,17.120608337840366,19.640456751396826,17.615121283981416,17.14590122562306,18.416497853509398,19.01009640453053,18.778134941045618,16.125781027657727,15.529373902309889,18.16549374722476,15.312475460979439,19.89499679988959,17.877401267407595,15.342154200606512,18.77370533445291,16.803473438820465,19.63256184599299,15.963078596233021,16.489415564647,19.18855557525625,15.701791708138542,16.847596326444478,16.912078924067746,17.30212504977857,16.49336077631664,18.3197697873399,15.414172785212143,16.815133050373213,18.289074253998272,15.327747392558623,19.809306901906126,18.507386400331534,15.157729245862166,15.457228250927871,18.632074052345796,16.81614370107267,16.8877296481195,15.76853669293745,19.034522873697107,16.51892791328417,19.963758931032064,15.259003956747135,15.438463910086506,16.562515411257635,18.89135392637937,15.103487317661171
5,16.244764913164957,18.14783894183366,17.64915980167853,15.753754988825357,18.500474589615838,19.912134500060446,16.11285172098739,16.2192993924489,18.593314418190317,16.711281684752425,16.668667458451022,19.420357787745576,17.074453605361146,15.433461076727186,17.04370766101256,17.90227883843523,17.85694707706541,16.417119626706334,15.530506976193188,16.541634362429004,18.22615729399749,17.29715904026953,19.875775575032307,19.799019886070734,19.394653754408292,18.524721872068216,18.040465231512044,15.127419013640084,19.846083004283212,19.394153051179863,18.226391279568986,19.2758696378608,19.13990914117518,16.400776080296648,16.546115814188138,15.71130734488983,15.912523323880173,19.65913157115849,18.75295594847368,15.823993468385996,16.959455173296718,18.20172437931943,19.9015997189489,19.75043262207998,17.51388144112548,17.42967418477244,18.664187467557856,19.863215229780266,15.807162522054007,16.571845973246035,17.448366563083475,17.228400932166302,16.385563964151036,18.96816832667506,16.663077010636695,17.66642954378079,17.409151853262948,15.813337560585786,18.39593037469429,15.246723207280734,17.96098550091144,16.169187133557752,19.39027368217578,15.649070251452622,17.493853075823584,16.86950506015257,19.950176830882615,18.3447582727624,18.659206548345498,17.796433211448164,16.313180661797116,17.603260240462987,18.076484316895424,16.777098888832604,19.024019416361938,16.15557843441946,17.78954312838576,18.609235740114094,19.98670055789923,18.735568391374667,16.303887655258784,16.21425456000055,17.58008841842269,17.39012950306213,17.798167523061807,18.73926130791706,16.197583133443135,17.77842382058777,15.36099989951543,17.231549275349252,15.487627613362847,19.44470700405899,17.831293635481096,15.988059082215496,15.675586675995632,18.727879083229816,19.83604640397921,15.620881869388622,17.18743568640095,16.794928373832775,17.70333126205554,19.27777791251256,18.35142765742879,18.265666510212636,16.810857858555714,19.65167173624634,17.14260235359858,17.17625940383631,16.567825248875828,18.17073693726426,18.638827799655335,18.112295889879707,16.910792594400604,19.526855937582575,19.836462683585438,15.058680711918512,16.07877026612637,19.53877881865745,16.5206434748356,19.14492780822324,16.485482937928975,18.222026473744684,19.146200505511146,16.975909939568925,16.07486229607684,15.366848337009886,17.34143811037522,19.16813355532037,15.407423587127726,18.711230093341275
6,15.71366683411333,18.36781827778104,15.407540920757686,15.492973941650883,17.00815237343309,16.388042422282556,15.109906598804752,18.415586978269197,18.518190890712717,17.82334867955828,17.88927043703161,15.1278574007978,18.597059521360954,16.420657681299755,19.23097160300896,19.133370418282425,16.508116315872268,16.979347331729148,15.233034411371088,19.166098863464327,17.26199405403079,17.528878680945514,19.88596233092732,16.48325851328239,16.666475223286568,16.839295808749842,15.1374936415011,17.974626664622114,16.920828625570437,18.366531212857993,16.2751383170792,17.650930114379292,19.43628906543048,19.482423626031476,18.40702794960835,17.53928841312814,16.44562623339856,19.1477877192231,16.131513794263803,19.27677441894637,18.345665658235426,15.209574761320907,19.84458330863309,16.958242961055127,18.813784505379903,18.82282690518289,17.64701739723554,17.55412065105959,19.376293062430523,15.260849555334946,15.59777669258241,15.591014942879927,18.39317219159271,16.72996848649752,19.55186913022729,19.232008106304193,19.25764394307223,15.76892439667041,18.685463394679786,16.862386072893706,15.431795942774723,18.44264847670129,16.650654511723502,17.7341804167654,17.381385298155706,16.89354440086086,16.792527166897955,18.79211973130065,17.972164702715784,18.50243432764916,15.30009662889427,17.839212281177183,16.512441678327594,18.99011065672747,18.34987859487044,17.28417233378251,16.349691387616854,16.65403005793054,15.672433791633575,19.187239121618422,17.240187458860387,18.019840832194344,15.190444422792384,15.428414683759165,15.101859219226057,15.515955730375005,19.763369848214154,19.131710649712836,18.799053246946126,18.61265140310416,15.052638652362006,17.70851204333993,17.871157775922534,15.568552294136285,16.733434166924763,19.382806129938622,15.462471374562456,15.573358361384933,18.845671189145317,18.2670621835752,15.777851998081294,18.47433924581717,17.563709581022554,15.927719213007958,19.113743299498076,16.594082624756,19.80123205091427,17.61057887522962,18.117720995509398,16.637542007838725,17.921003983489758,17.376188657589175,15.219214026169972,18.317210951696254,17.28109553780614,17.74935136912012,15.844691718663743,17.57738919398019,17.13734070342392,18.63494196427907,16.43198023895774,18.231343664862905,17.107126548466574,15.07741207786094,15.286588250559486,19.37838384999556,19.79415896583996,19.996106898695075,16.624409500150485,19.508639241127888
7,17.681659072994695,16.80057307745448,17.960609161882847,19.892620855537853,16.91777161768733,18.349538444822716,19.247986705951874,19.417840572053326,16.332905197205292,19.457737179382722,15.543748658728363,17.821462046565134,18.534647388863032,17.933142616111134,16.809306799614802,16.011270929116275,18.369837710409676,15.740947806697777,16.779502291765546,19.539252123078704,18.611925234151524,15.230444485356834,16.877269251330933,19.218555039651882,15.23693766588829,16.834393185742748,16.690771542777057,19.625498128186862,19.965179344724586,19.7961683038874,18.537190306113903,19.69219667358714,17.221040335471336,17.460660965150396,18.160690332332365,19.21352053696518,16.51939268893463,19.883348346772635,17.12744437863903,16.887127385101522,16.870166775373853,18.494226529470037,19.15393361193892,16.486044849290654,15.248353890461024,17.25728802146716,16.26471312651057,17.729991348113227,19.487079998230858,16.953011909760455,19.75718374894532,15.79727317769808,18.291962125250944,19.61565454125669,18.820807075472032,15.433668040987413,19.36152428372238,15.076005324862498,19.629839455336757,17.216500588879043,19.751388065829047,17.426525515743283,17.918439089088448,15.032771644768424,18.211490242314717,17.53050369354607,15.59275136430938,18.16254236516054,19.571756416431466,15.675293570498711,16.424235821873346,16.258018794195625,15.057576100417934,15.829820263008063,18.746623855138598,15.566431618671414,15.57521995898854,19.792451479096712,15.126543465210451,15.185078357294065,15.515790253209474,17.472998368391345,16.45905022408792,15.797538271078416,18.039698743653652,18.46484798698704,17.3476136635682,15.791759332695612,18.896050463295108,16.746203079470163,18.452863819090958,18.66805452617793,18.939216732640336,18.543722397451624,17.85637316843956,18.69209982186503,16.867644977620156,19.84990588094802,15.666901690011507,17.436035830991635,16.014590231163726,18.97844215832916,15.416574293830559,19.51169343748738,15.246722250801847,15.245621773711505,15.57454702627362,19.193481553044816,15.543181067605746,18.350081926199948,17.032759868972676,17.313375185874506,19.416123648140072,15.173833953959758,15.3307965146415,16.78736685829033,18.099681792713746,17.3822924744588,16.719237693609532,15.798597376289228,18.74149055906831,15.51164400376151,18.20679240684615,15.463321031571958,19.713908391836373,19.66563816052647,16.086823743461345,15.061862794470176,18.83687889736406,16.455824085161137
8,15.628374973019087,16.67372346135366,17.87505856264883,15.886059203196174,19.499350466193864,19.89035004935829,16.363901466919327,15.038113725923031,15.767004934821049,18.80680791107157,16.55903730934369,17.582554226929705,19.508146825277134,18.561456694666006,18.242468888623087,16.778084807880774,19.32430150508075,18.304166981532294,17.707213900686366,19.423821898315175,15.10002321567422,19.0455456465302,15.709847825302617,19.161725363528564,19.59316658542887,17.472319430097357,16.687092961064206,15.234398603621294,19.200334427348874,18.89707073565268,18.639533397527693,18.908439701397697,18.394876097464394,18.605933806609727,19.685595542088677,16.97546698990641,15.510859526596864,16.05365829134239,18.469442423056815,18.07652742645738,15.393734242717853,17.623683256975198,16.460938390027664,15.764683525041109,17.681126896420388,16.609385860262663,16.851331573797438,16.887150130418057,16.05835309435603,17.475541793769438,15.756361365859673,18.155437501880208,16.58248094463029,19.9978029745994,15.74807849670386,16.897824224163255,15.060564286026178,16.710716393270683,19.293045310186365,15.128926880057229,15.316922216525533,15.153343664096878,19.822913545608284,17.804940176992073,19.893925536697648,18.976981499836885,19.463196805646884,19.992975817991237,19.524096325664914,16.024947302046836,16.272312893133375,16.899173455287514,18.712383617606463,19.630564967728468,18.77260698797221,18.455124696170177,17.278897845559502,16.40247395680866,16.934620028382394,15.322319118047533,15.107725105824072,19.21612504881897,17.628721686286134,17.446198695784968,18.891201237386195,15.011338943307454,18.993124222531012,16.23401620130263,19.49383462831396,17.33358486424449,16.323327888773505,19.36235123285192,19.554682582605487,15.68715689814929,16.097923038806098,19.500146781550427,18.326432395079575,19.61358140889103,18.02275448676491,19.61549632709059,17.982227047453275,17.011463189351694,16.07320014744281,18.487898371981622,17.44056793192517,16.538890300427585,15.738317025818045,15.646359784092816,19.68309310438897,15.102294826933722,16.32094874565558,18.461992165696785,18.904664238018448,15.65504786015741,19.776042014076307,18.607445581880476,15.834928735938778,16.922826958219805,15.846058268451293,15.426608382269967,19.650699953800483,18.98196638785466,17.197384998970584,15.336694672260606,18.652648370515617,19.51771890886649,15.412271243963726,16.27713798517138,18.303695475457534,16.170535289426166
9,15.614578367575277,17.941541219689064,18.989230978792783,17.00459471869768,16.436917746661614,16.197963931136435,19.513501918686313,17.866554416183597,15.342986928213449,18.58370126632061,18.906821540495194,15.88335007822841,16.12067465059061,17.062872692172444,16.887392978530197,19.597113364118396,16.340991701067548,18.60415896964154,16.37013768846464,15.497725065530991,19.68220033847234,19.937715759767563,19.329448100542816,17.808147721851824,17.58448020331581,17.326028102823827,18.63378792397254,19.714189026492203,18.8479008083113,16.270028681347913,15.299353753455804,19.24713865043054,19.448707996725847,15.916882265744007,17.696717434119684,19.813347930064555,18.574430398199155,17.786879019417178,15.752848421492219,16.386814932677403,19.535753471758483,18.211952344920796,18.461118379570213,16.57905268392605,19.243720480571845,16.40362891484681,16.29772874852061,17.66860281843364,19.073883073881547,16.81554647352136,17.205971797473353,16.212515052453384,17.45838304792726,17.896510220072088,19.65731193602049,16.24532957891301,15.405551465579071,15.02370977058331,18.998960089144965,16.817919259555975,17.93050204512179,16.06257179089798,18.064881556655173,19.982052273626927,15.876989415066982,15.604562501282109,15.213279092506282,19.478797425782982,18.267880941145197,15.830340560204796,15.326648276318249,15.3824195055229,17.033553377213234,16.72989675995331,15.821779092138032,19.996298213213922,18.992531956238302,16.98632499426943,18.921894719979583,18.796790261807804,16.11564573155118,17.367336566082734,17.113759311093645,19.209237667588297,15.098755554698654,15.167910224713935,18.901301396086534,18.51519079919072,19.066581738398867,16.755673273173464,15.469200179259335,16.791649807847122,17.243151915519526,19.83396238930008,16.51905942591674,15.698077305697453,19.278529836213977,16.37579652358153,18.946103923692686,16.406677635263993,18.228756001177203,16.511949582492385,18.101144775515806,16.389711343579723,17.504896986601405,18.720015263206246,18.522028277999052,18.35738941040632,18.596062355336933,18.022281438362842,18.741747117293137,15.801108808168184,19.271056961768263,18.389157123903903,17.115509657226028,17.28906652768531,15.488305617411825,16.927342863006213,18.771105262661454,15.867324153278437,16.69656322330145,15.004001135140157,15.229023356648765,18.185357873073617,19.397922712590496,18.43098985100298,19.348878747700482,19.43774785177389,18.83990389450346,18.18452028630473
10,18.028655603142646,17.554579840350556,18.411229285177992,19.497847001878593,18.134009658224997,17.489544457476903,17.697916457148626,19.322542194783985,18.792246143197076,16.877737076553892,15.009177086688881,18.236360934275602,16.191523984891575,18.72749629779318,17.33660975566758,17.19530555256659,18.536966543234865,16.344485979157156,18.652572439679805,17.857992637292718,19.359357997296254,16.034647396991073,18.90499197533212,16.457218563857065,16.714146115566322,17.68580943139954,18.682258443286944,16.66421220287586,17.55109885337159,17.781556587945477,18.259130454351027,18.521914416695004,19.48813696199373,18.065229704959997,16.11799060593624,18.849695392551958,16.90021005277301,16.48532865270725,18.396647925166146,17.415499535029962,19.94693660626148,19.903289446717867,18.89650978969434,16.35583648740095,15.750373732797643,16.867533939676218,19.39475174934475,17.68193507232994,19.550575649865447,15.023864730929438,16.748609725037138,19.38274154110497,18.38995908429361,15.705823726289545,15.440589775902986,17.419555887247697,19.855847739786995,15.214641534389267,16.455542103511455,16.487935928950954,19.377786488616408,19.860151908493698,15.455874664061144,18.223436315665396,15.148296046700388,18.569229694350494,18.4111417372585,15.768971546369619,15.495566257403725,17.210233623116434,15.159795525003666,15.606270832576152,19.130144526828037,15.390646801277228,17.34919035018845,17.47772142689829,18.70819332654654,16.764155415570755,18.38203481190929,18.46806381617615,15.867475493306005,15.320970885063558,18.982317921709356,17.686368960069842,17.7717476464139,16.696487461221096,19.032864892160024,15.684994924416245,16.773364644252,19.83538420842172,16.850312376930404,17.698473516480576,19.86266556212381,18.724054994240895,16.133883235492252,18.21021094283254,16.844999786092604,16.841027399329043,15.30082151456862,19.218293811041065,17.300069460606146,17.90291068124226,17.969200795455404,16.175665037993188,15.493820567628745,16.050696655051294,15.761458203096405,18.007388778823067,18.137894811813556,16.40116603440962,16.703362684469347,16.55333142228443,15.609946360273677,15.769516391731734,18.039762303678245,18.721624609263024,17.11636716983829,19.977329609454873,19.957224412151284,16.025067919630164,16.901962162724498,18.53478161658971,18.414303106753486,17.348414741536182,16.371292678554962,18.626536103912294,15.154825203361314,19.50488517970425,17.535218039445894,17.60353286599602
11,17.241232751910466,19.176067109207676,16.488228658995936,17.08405788508171,17.300055210749505,18.517367249772533,16.797182202665887,19.762533156241346,18.891337425107103,16.11634456213643,16.558363354245458,17.59877582604123,15.220401875063592,19.318059274333752,18.15332532740089,18.2379951334771,15.453712457362398,15.961787978205692,18.92055494304351,19.76194593460341,19.729492964226363,17.041977189890375,19.968679382341,15.102914039663087,16.003146195174104,15.566459309844745,19.690447863383838,18.51497319595565,15.999163466345465,18.77436894504655,19.266129649208363,17.214651862115886,19.529330424972773,16.706509225734724,15.427956373333213,16.296149993046512,19.038488023204955,17.561767960820394,19.438655859651835,15.705581892689334,16.892529751739197,16.857667574219537,18.657048793560577,17.746637545929314,18.389663734014434,16.421376560760965,15.936716343406124,15.925965923495372,18.258862625018015,15.987228318340128,18.540437080877858,15.185930700413696,15.19473975022392,16.70672927848365,18.77919325353949,16.78079015035962,15.033031959532341,15.15039338653778,15.99438686262568,15.866582958173238,15.09986907451521,18.116268081652787,17.803993332459815,15.33405445712424,18.708773831056206,18.756710537454893,17.810609217984457,15.793065733681562,17.761003563016402,17.54551994809849,18.333863267050965,17.975929082613455,18.23898098933557,16.900314052738956,15.464130120204029,18.11192367245959,18.25662668124898,19.42992655432615,16.719923190450874,15.248896283681495,16.79763357437681,18.344074701193684,19.013679661537,19.089079848999244,18.48832250664002,19.745285980706562,19.725081962410226,18.012518478503587,17.912026217512047,16.44807129301013,18.212612493760748,17.64612614219238,15.199809443988828,16.729259190774663,19.38505858683648,15.296911333103123,18.687823098274507,19.4928683752069,16.785533323446344,16.06941851141283,17.476305870334055,18.77682139939344,16.312700008088157,16.00021681574179,15.306860441329249,16.5682123483772,17.55534566774422,15.725645913408608,18.465112038271062,18.23388750321144,17.89031050509505,18.274662079394886,17.63347471035528,19.2412664455375,16.00073860431795,19.672346815856034,18.723666048376714,17.57165999790421,17.566532582131135,17.99358770616712,18.776517565757892,18.067728919459277,17.362381558410164,18.479025246014206,18.396291038678974,17.765861410723712,18.15608266845762,19.828581414874588,15.648244521208904,18.81431327332026
12,15.462923238007951,17.45229818755005,17.396266456784822,18.146889700691517,17.057136367272957,19.90878307825307,15.960632937494218,16.08682143322553,17.2401628713612,16.537101643780414,18.381519611507393,19.546820631724124,15.377578919095098,19.257530601986083,15.174463367382327,19.509948061643378,19.398637846737984,18.480880356924462,19.80143426788892,15.10771018143991,16.585571392853055,17.250891940215958,19.19789092595911,18.175737493354124,16.4284529026465,15.817174143733817,19.261654350227687,16.401532540793262,15.556344601530414,15.48430565927301,17.319914772465708,19.954994808969992,17.573948171239927,15.088190300235883,15.270456855630139,16.095428648454764,19.390028994983247,16.9321679813266,17.723053114627163,18.115473532998223,18.473905774066875,16.67312024151328,16.126642283555366,16.13020608459004,18.54099915139752,15.517892172194426,16.900427994575576,16.48569415894981,19.647710691174332,16.238464938460805,16.076973667737345,19.491309146661603,18.994882045844097,16.05068730985345,18.947390837711602,19.558897735352858,16.298917372315266,17.69746041597898,15.674632322699697,18.521846310268035,17.408954033559713,18.18506074165497,19.33958764574614,15.310860758240771,19.31634873728646,16.433535431413127,17.845405425275107,18.67607592451768,16.133852434660295,15.561671724714,19.348315327749795,16.04290943844475,16.979429354163827,15.60976667234335,17.539949769456108,19.725305251655644,18.615140277178625,17.59746845644642,17.034686954476086,16.080043599728626,17.980109833703718,16.50658051598804,17.72652121457375,18.754080163402932,17.84661789607776,18.974177386102966,19.7596863199601,16.36299217614247,16.125767620567256,16.814214708221485,17.26308750767285,16.60118723199309,16.019064590505288,15.250192452586578,17.696772543112875,18.805733562187825,19.669967415287182,15.47951154021112,17.73815216159506,17.62143427576193,18.063561731465388,18.63899987774318,16.242867609831162,17.63747552510661,16.642796996255672,17.532972325870606,17.952761736022232,19.950677763825542,16.632746959196798,18.69451803877081,19.022218633488038,15.253650699159756,18.316833719601515,18.194669142805598,15.569598556470005,16.860933148535526,16.885988701347255,18.308738757384972,17.277658545952235,15.212708051779725,18.81231809162688,18.086447540809278,15.762389128794531,15.483002601474512,18.864178342379297,16.911596657310735,18.166103524119002,19.34813582867139,19.033721980117736,15.39859746048972
13,15.845667311887574,18.969384442473846,16.158398783410895,15.597069152806682,17.059540062880586,16.846039734234882,15.438541209192524,15.15343000658447,16.68583987222989,19.39242220761022,16.05500635676101,17.22963351298604,15.30044290405632,19.426966227963742,16.940769817986297,15.18822375980475,18.514983820766584,18.34155236614911,18.117716727103435,17.261280644458633,19.021385087425912,16.532423231078972,16.437433362254136,18.40495746580529,18.029228866705445,16.95673154852767,17.872337169532923,19.588735291708304,16.695380383243254,15.40554326026521,19.844120624864555,17.051199749289356,15.239677043674046,18.67782740002052,19.448687256992763,18.64835061182208,17.83638021597119,15.91809106164143,18.929750650624197,17.748831612856332,17.84357432965242,16.82383959864169,18.931091494532293,17.92162001688491,16.24285883696959,15.134303447097025,17.325630005648232,16.627902025051878,19.622419340125724,18.157308846696438,19.64628522647095,19.40009960097486,19.224587213962803,16.524964988201386,16.402370589158334,19.377236566303917,19.96797204066453,19.81906220970254,17.836146241991894,15.960315516124414,19.46303211121025,18.756399928377604,15.73410389160784,16.352896279608935,18.646879479306072,15.943173491571281,16.330388430168153,18.181871875890998,18.152908223655466,18.050629443845928,15.093940997786815,18.033677335957325,17.04937329941619,19.137505202496143,18.970404008529083,19.57071736363107,17.176812100535358,17.944640885571626,17.67463985415692,17.293243447984924,16.88478461306245,18.016824568494137,18.36348299622467,15.075214057153758,15.567434864069918,19.495646871732724,18.302378569283636,15.299912454806796,16.383160568086513,16.849009505607373,17.922319079818017,18.12505822273605,15.354346138882978,16.498581580098403,15.847740839319426,18.400832650954584,15.122897142609355,18.043852724335043,17.28378259771622,17.814979900644534,17.267338666841688,17.292411731559124,15.444074998383629,19.554889249065393,17.99519325080174,16.841349268986313,18.4778612799145,18.105478708032962,17.90055678662007,18.83315685591412,19.6958322880631,18.82310028123055,19.953827112888636,15.27434365190933,16.840070563845853,15.760006107736487,16.06847893806659,15.097021198358417,15.137816880917663,15.15216881276955,17.104488249498665,15.601001465644538,18.96913620920546,18.957741385367324,15.783812970221824,15.938640349622702,19.597813173281544,15.59228897509537,17.403455573755284,17.018648398378176
14,16.146011509202058,16.21486177149261,16.51332691415374,19.199851054903753,19.756430380050293,15.330427828251581,15.77263978453657,15.138570770553317,16.504980359647753,16.933601560532033,19.09219152464648,17.611424587860824,17.58212124443909,16.088341617106536,19.733169230362083,17.121808909889815,16.74321857878216,16.197996116691165,17.889465988044055,19.26371203066647,17.002271537024257,15.480141667120238,17.725317056950875,17.09552470810848,16.34246456657952,15.324303631762211,15.321093194945899,19.076736437196125,15.345286428246295,19.776774159096533,18.95563492819729,19.446192595058978,17.178675331095864,16.68701524960068,15.346463856761988,15.467659972122451,19.529646760770323,16.70481955854333,16.215274100940377,15.406878858599992,19.22395386279912,15.610900432826067,15.83754962524083,15.815120306141507,15.246694921013033,18.063861072134745,16.011524853864447,17.051742065363463,17.47305416135734,18.53353219609551,18.930452267617,19.614424185142738,19.269604256052453,15.977089031384729,17.686271588140617,17.41641445715451,15.561587134125581,16.59871131138521,17.47155348637467,15.093446513419929,19.313691624976535,16.71246952228293,18.217383546112195,18.983790304693983,16.469856367995703,16.017721753854012,18.70295411408842,15.304940326710012,15.933312757697397,18.28432416671799,18.03379377807673,17.330680315679693,17.16884263379485,17.004393227872647,19.480479212596556,18.731331217180006,15.543078399379583,15.691142932825029,19.508087543180626,15.448186623625809,15.076132841620318,18.789994673538576,16.032117241568745,16.701772436496622,17.3246321552655,16.773376870886814,18.10058096944028,15.769209556123752,17.98559030470573,15.67925075256437,18.73587961671206,15.594205638202522,16.96887377192192,18.996718472718882,19.470839524858643,16.548736295190658,18.08418475780548,16.56817169450091,18.110515568430714,15.862706426202527,19.35802787471834,17.278257267695004,17.951871145427297,16.39107662881883,19.58497787079041,18.741604175729407,16.09267458392825,16.866280661138546,15.738745479709157,15.903485067160425,17.428552977221173,18.807908937583946,17.469900683309223,17.136832960824755,19.902440704862446,18.856173764802982,16.984104134051197,19.834031458867628,17.843318969188775,15.76632459845745,16.648562236401112,19.925011360528426,15.72069190748612,15.941773292467552,18.844921422615545,18.77259667154876,19.310340125364664,16.235452787430606,15.794255200107168,15.374447404209423
15,16.118328281772225,18.801418138393643,16.099002920892215,17.775728965715903,18.75741267440495,19.898677789166676,19.175081017836916,18.452943480778302,16.034782591380882,18.350852257904734,15.923592007537504,16.732849493739927,17.895006951416512,19.504632573408028,18.952485003342296,19.285154625559173,16.415198832943013,19.60409568364449,16.202832947028373,17.675352616072708,19.404629278896703,16.826508387444324,17.41724207757262,19.05400832066194,19.24716855883574,18.183882319995472,16.123073259888205,19.90140509224254,16.91022800558595,18.587076971700505,19.979572591390017,17.382262792849932,16.929873391819854,19.049217997131944,17.89700449364919,19.650178173807518,19.64959229712013,17.743918345112117,17.822050366578576,18.750287863662123,16.084514779170686,18.047954403761132,18.581808718965057,16.77417397634383,16.70917365903581,18.835464051235736,15.95822151425167,15.656105381988919,19.049008596180652,16.497147952900725,16.831977295220703,15.088442314586109,15.476304883666563,17.766511485398503,15.08087590808221,17.567249932651144,15.573913289369326,16.509224280375623,17.98042633100465,17.68288833640227,16.718691615106717,17.379054072495297,15.457975519877728,16.975983784407227,15.764239632046623,19.4674822563217,15.461180513081024,19.343003071304956,15.810235241177327,18.766525761487138,17.34003721930815,17.57661763868323,17.432475599702027,17.64713560773047,16.373968024886928,17.108222222597867,18.00297355287661,17.971078756057157,19.28406050439541,18.23049183708993,16.509030731614047,18.16332571416762,17.33275363181007,16.596227926559823,16.280746694563863,19.153779108064896,18.931632831594086,15.583233616848986,16.975222690683314,17.572509182922126,16.583193089873767,18.577533726765562,17.97421630925226,18.22099387788701,18.972849780678487,17.597770747276524,19.969558411476235,19.210396025004343,19.730259308526634,16.827712605528205,18.603788559740252,16.262776768239412,17.397403388490556,16.987203818856415,16.02291012259631,17.79861907556294,17.514181604545733,18.557008575171277,17.777639071672294,17.07777177957612,17.682810614475788,19.66822764676175,18.472388903866207,17.018666052051763,17.17760034855806,19.858732224070188,15.4794940649962,18.027669952417885,15.399635231054564,19.89335494885306,18.94505123254416,19.706445992004205,17.64752506713687,19.024722110571453,19.803314004794426,19.147684715510653,19.86854648521196,19.972251387753865,17.409591255174846,19.839538770252204
16,17.526374698466455,17.71213996991585,17.690527387738843,19.832716409098207,15.638722189317727,16.96902926363978,16.569322156182608,15.731926351280896,16.344776715060142,17.338405131229962,15.480885532935172,18.373761890495782,18.26301301509402,19.528656050643168,17.71311106515497,16.061526435401056,19.49465015536821,18.25431147873671,19.530046586804193,18.68476275911042,19.44470675356866,15.788435281059897,19.56874273418658,19.096868522986988,16.843576814157498,19.22682006069407,15.297242462258055,19.127106333814634,16.0038149965151,16.666809801384098,18.126164548062846,19.08008158033887,18.81638272897421,15.718896379247177,15.556395045567404,19.56591245770055,15.804299482775734,18.977676342617535,16.455441010130897,18.51711473125598,16.3479856645535,15.974137418653513,16.677135957407394,19.13936492704849,18.203337940848304,19.495755639212934,16.594451576095874,15.071326584296557,17.23506393266744,16.58555153333597,18.176149052838092,15.170529595226563,18.96249378116022,18.0611841529763,17.805941914724713,17.18485267077252,16.068007909293826,17.052461104178867,18.939486772036194,19.694288006287543,16.719784380979174,16.56855691286833,17.013304623875516,18.894736249101854,19.3691587180448,17.260504256699793,19.554149891862696,16.00390070644122,17.851626457840222,16.273684531105022,17.40171357519752,18.14622648555541,16.942605566674096,18.460643318876663,19.80918807661431,17.7744781336586,16.265712663080492,18.07580076587442,19.99513438640875,15.671898045722505,16.420439956388645,18.875387214804476,16.703531047473625,15.426937585311615,15.222435955488615,18.211821533677668,18.599185627002825,19.358314138320104,16.926611780737353,15.308644069067148,17.562348923800315,18.141380813656426,15.470313682717883,18.3757679535359,18.444154399018725,16.93934458908042,16.673598927868838,19.839757106080796,18.00913634809587,19.943022397445823,18.72070977863626,16.920750315401367,18.25567869672667,15.144748923303375,16.65652574740089,15.982400321904946,15.387847912824322,18.212913649951176,17.050805015959437,17.96727858225287,15.60858975406083,16.719584616428047,16.680954030457727,16.85625683844298,15.793813942547333,15.267609912965575,17.38978096791014,17.740591064273165,15.13754522391375,19.380386309954954,18.871160235458948,15.818504714533086,15.688599310757631,18.153856665916933,19.51117458768037,15.35246803690058,18.38387422794911,18.125539946559797,16.632192612865474,19.054705633365327
17,19.813037131677046,19.976505176390056,15.614689531493894,15.761884027750815,18.36962344903769,18.558705231927238,17.74341288336931,18.63031302207167,19.44848505977197,17.151252952295735,15.93262863953111,16.134567797480134,16.047554462833116,19.358683292946395,16.19181150722757,16.5997977642994,18.386115524741193,18.114111396316083,17.6229564793044,17.881614267637772,18.316420493263568,19.39103249284112,18.233131941245937,18.542845838697442,15.805374280488856,17.54228298522074,18.105684438288584,16.429170406264117,18.475309996289585,17.211503138452176,17.653878093199367,15.49563682791731,18.28321552743184,15.521506684498913,17.42291714328135,19.58161432817015,15.918624792530071,19.402998918418774,17.39668961177347,17.69110346414557,16.202020700165196,15.024711667891184,17.753670080480987,19.609508944021293,16.090699958792953,15.70718815199429,17.947921746494153,15.736353803900707,16.900141457814208,16.179799974155525,18.367716088255122,18.58690049472587,19.90012935193515,16.945571168918356,15.421086977480952,18.55995520813128,16.806965769078584,18.94751420982565,17.36513766809936,17.73080060842696,18.47417308847123,15.337100183358782,15.113447583656852,15.778651084570324,19.796621821731,16.360441218531918,19.27487304451127,15.537904510569781,16.28420234280668,19.35842877516567,18.539969862861277,15.213515053290458,17.36887281044267,19.531449240294773,17.730764371442376,19.280178783534865,15.24706892535235,16.58493803238216,16.037047138701904,17.256288798571184,15.167670157184737,15.434896025026328,18.789907735995868,17.584684572023818,19.086452393057755,17.85008683149177,18.21786658118544,19.19951556366905,17.30684921279106,16.4583089210337,17.5842753853185,15.754259624363717,15.025800019541032,17.407596920036003,16.234175205580573,17.208794149952716,19.589224925515307,19.445173367733393,18.883201308931636,15.888412371837399,15.381674495210579,19.498846984179718,17.340239246344794,19.535264471335807,18.498390932387338,19.37545075763821,19.73521500508018,16.853475641185444,18.610524983758086,17.078233537404238,18.168611156687472,18.866287913267243,18.24280719169776,19.164778845656937,17.420984489536878,16.539113582644053,16.790780158002427,16.673515427284,18.21092792915719,16.648442946742204,19.98798061483679,19.098027083701083,17.455647425336903,19.894675998513897,19.805615621445792,19.315904198805413,15.497909206227838,19.614025736459837,15.629711204165035,17.042807463471917
18,19.413894668542255,18.954779373822547,19.387031392508174,15.029371703126047,16.479131886814624,19.922156430208,19.574707138612652,19.13776463836907,15.297877961045577,18.8326419228935,17.806310642848477,19.362589887276812,18.8969308650508,16.37062771803719,19.84001414818932,15.684644585793876,18.562089204913843,15.515120545148552,15.408697774728328,18.169822670023102,17.632885004285882,17.978489126240632,18.303348040193367,15.210605495789377,17.318533943087886,18.005280714015843,17.946582655756526,16.77809221929323,18.24674728865712,17.847517052225495,19.80844602445349,17.08648674871918,16.854758628023074,15.886148372146225,18.535825888901243,17.47804477336925,17.72010657578792,16.112018476231526,16.025472742086265,17.648565752197346,18.291403065824195,19.505164843078155,17.00627281395438,19.725309733442273,17.41697499260267,19.063018840949944,17.350096684396696,16.338853576408084,17.799063239161008,18.850370361698168,16.586458879304374,18.282217532068604,15.030180081544117,19.106882188059423,16.462687071350935,19.071692033234882,18.49558904601239,18.847517473353577,18.266612063192206,16.80537180256613,18.917970210105743,16.57456297406865,19.252747427151178,18.471550590907352,15.610938685824685,15.177514465111845,16.93648060858273,15.53919421913469,15.645370177298764,15.755737973596899,16.767338644301006,19.847925557561503,18.290433854593378,16.730883217792297,18.90947342628425,16.637241628756612,17.410139387860227,18.97984809188024,16.303447013348435,15.243100507196086,18.42602951277894,15.349054932335793,19.60108600523142,16.101651215289536,16.759589312820257,15.668255289954997,16.10270296687486,19.694749860288812,18.642492155663277,19.045475781937473,16.453565108634884,16.519677863985194,15.649432548226423,15.323108014485786,19.502870084265307,18.096526949859673,15.927490214458267,18.46392564568399,18.612723286141208,17.7542841719539,16.700240512432266,16.289581218040293,18.59202143091167,19.7507981771263,19.066314473904182,18.877887116174215,17.50870376590177,17.334917033212864,18.34428832644869,17.437560947919323,17.383980740214195,18.75617884694964,17.60152195589303,19.560294362297714,17.091875281758433,18.102825903298562,18.981962773751142,15.846993061165353,19.977894089191278,16.735501197184735,18.16889176652282,15.097965883349017,18.925303791688805,18.34127931415704,19.92518150838188,19.32263224211098,18.535212177275046,15.772473272755766,15.634213809135103,17.70650688803478
19,15.934626965216143,19.05100992308824,17.801089490594155,19.91964290387194,15.806069566912187,15.768390688576723,18.45927221376423,15.867536362076704,18.28508061717322,18.712012102331805,18.256729417138587,19.510068723735323,18.62632083916406,18.048285432825256,18.45105564581637,15.956223731632818,15.180127513506978,18.611870342372548,17.057988975549083,16.727871598618133,19.660392475962293,19.526273174552912,16.67950447391185,16.750553671444173,19.614261566364252,17.24645290887624,16.69648430801476,17.61533545104594,18.65490267301991,16.944125904576953,17.703303826536047,19.12960673086843,19.935591682983492,18.39244938255506,15.809218907591998,17.991208961550758,17.41086150498216,15.89880100724023,19.820414016820113,18.51611986711363,15.891425414761223,18.827969303637026,18.00979332927268,15.334078682142191,19.971351819673497,19.83192248011753,17.046747115964184,16.235435940412824,19.876415601960133,19.247751077946745,19.76863861390251,17.95903884844675,18.862642272820132,15.924715108005985,16.08164645541651,16.951548316896403,16.66435721730777,17.290049878117124,15.334430149073599,15.813334384525472,19.025547167928483,15.013213966812991,17.62967769058397,17.453896525919987,19.477351559898047,17.85197682477586,15.173197408956167,16.29777010821209,16.20627333916189,17.843614202188437,18.138104773738664,19.381337298161405,17.844088400820382,18.637798763064044,18.01950003186947,18.560024498935718,16.43866345347933,16.247095838545913,19.686300621705755,16.152350839572744,19.627036271289953,15.353012025345222,16.75507955786697,17.945768925621877,18.300284239446473,17.563350834266785,16.273541421528126,17.53913716717851,17.331062141158476,15.200245708591934,19.25299260152923,15.740006115613173,16.995872206523234,17.54898279250475,15.021234541959009,16.44180799679553,16.470333385302574,15.335844683919056,15.67878060845391,18.85146393653167,15.498114995191766,16.534027793237843,19.750411766039004,17.624062588246993,17.37863942165806,16.221957061153592,18.548849524927196,16.34719032840695,19.66904798540586,18.85599093701335,15.211071199935477,19.59828290422105,15.382178996457315,19.595599205733443,18.424265711480352,16.60419343868167,15.742016906166635,18.853324223784465,18.16979554725469,18.635797635823003,15.67989471910027,19.125995601871935,18.78980695055747,19.778499429281855,18.594909252845394,17.857004286762695,19.606003818639778,16.74329439244809,18.122880938981996,16.068149574042582
20,17.284660980305183,18.27627133917067,19.455621932663167,17.578864779855515,16.733045468522082,18.525134138395373,15.021536005981904,18.898496940903016,17.53564321242419,16.682453873524906,15.267497337259062,17.86187703377821,16.71013089259462,17.710677234229202,17.837123745000078,19.06836965031468,19.39073587563273,18.062067153429,17.635949699944465,19.900972703108895,16.297912380331745,16.686398239960578,17.83111440718533,19.698672522118144,15.42879722201647,19.68457360071389,15.739313169271941,19.072532754575466,15.761493636102458,19.138604497733645,19.17384398337213,18.643287059798695,16.656256534639503,18.427153069101006,19.471761872826143,17.288802969546254,19.78520259072223,15.578925931849327,19.08336423806764,19.443702144432358,17.236702027484238,16.311041541114445,19.221913125135792,17.40964085881227,17.53844571595941,17.165197300929638,15.624332051233905,18.716076677130054,16.575571660826093,15.947838734415992,19.01944149779275,15.177716131764223,18.036879433305803,18.149889894554036,16.135190498350713,16.111267083285256,18.487821820084037,15.706802822522079,18.15567470613218,16.75491968654718,19.439132504016893,16.99682513397588,15.507960888990763,15.523932392814697,17.788072169951477,19.921101912427716,18.48250636093733,17.06486598947297,18.88487790076689,15.702216733392728,15.195672185025746,19.87027458125965,16.59279711337559,18.31052730151852,17.711468976670282,18.278642719340795,18.97879408252636,19.288763593464424,16.797659248892106,19.966432953929953,15.028711692905247,17.069693729655736,18.113471338138766,19.066825043649526,15.71208774703841,19.20158670258005,17.437328571625418,16.483795214620212,17.02339918149949,15.652724978645477,15.994825683683525,15.23727283970646,16.441456765059968,15.54836141819878,18.740942367650998,19.36625199127125,18.574587655024192,16.229246427686,17.156214455006864,18.37138586989849,17.472706740008853,16.006849554639164,18.84378257779214,19.23882850831834,16.58668992073866,19.72180757725906,17.54420015222945,19.75602784278084,17.68873406406202,16.080497846425022,18.522156235524335,19.828543727137365,18.543559435638752,16.195964567825463,19.409933162801607,19.518029604785706,18.071955618078572,19.931141518065715,17.842174032765232,16.23674968748725,15.025151703212764,15.457757243964023,19.13818196571463,19.171082653765264,19.4457047076988,17.910255690479627,19.726922575856733,19.322414059995005,15.312736704055247,19.40720313673301
21,16.360036917177016,15.595060962122046,18.5193685303165,15.829155579802782,16.1435386496725,17.144794687843632,18.07453919229483,17.540473940506104,18.24714427722424,15.090278436838007,15.956597828607263,18.05291557417166,18.444508188844928,15.699770801228166,19.426832725251437,16.492307632883783,19.276276762099272,17.732919357498265,15.316180021092544,17.32263328415652,18.890242283282063,19.10146346958095,16.70744589205175,18.145118137822063,16.880734331746048,15.61133979097573,15.731364444517759,17.234901561857985,19.63426760604568,15.410078318003876,17.695278156514608,19.711392631106424,18.20206580482708,18.687812304984778,17.013849776289973,16.1517669972156,15.913553995650853,16.340878149520492,17.217396868147055,18.0167435359044,19.093006172532487,15.926969938294791,15.625957983305772,17.396865825538022,15.973084202425722,19.94470674503701,18.287477953627317,18.469548065584426,19.275950107689372,17.33930905652264,15.768214556906027,19.68329823213881,17.63940252153548,15.373188485095334,18.02953423902925,17.18319147386322,18.084674341501913,19.271061864749967,15.823278426200426,18.307475496218604,17.920361998630693,18.162203565363242,17.750866827348794,16.899240471426197,15.102962711840554,18.402961515365952,19.5349524183314,19.471266484573224,18.156966467450584,16.238113728931133,17.908357369253242,19.671336304499405,17.579656285870094,18.49485089647505,18.19406102110925,19.039842517641535,17.37278073739482,16.03929686682248,15.892380143482518,15.864427259127178,18.910786363817294,17.32146403331999,16.54001351927337,16.02021739939331,16.5497069116703,16.866468487574902,18.32047581636032,17.296617628875417,15.536799886020749,19.981500629114954,16.033859920659495,16.959414718936518,15.584549709209966,16.789243950721893,19.155943864175725,17.608153665730093,18.80681000923572,16.163363706780327,18.10320743149259,15.830480852224696,16.034109673607936,15.344340829130767,18.87894182149268,15.600023236850598,17.97021689197595,18.822901195673857,16.664049325394902,17.45167982255602,15.66070468425217,18.33223011360501,17.187413231475983,19.578374143879678,19.20561332260336,15.924050939784738,18.651802119363197,19.02769108381577,18.404255402217938,16.32848168347865,16.395588303091618,15.711448512744683,16.126545578233504,19.89563374368982,15.339786582443416,16.675069159491123,16.005038218686536,18.87719613682777,17.220631737442357,16.330783587212338,18.50740850772627,19.421856946263894
22,16.389680064780045,19.795565273239713,15.333986671291067,16.65874512908342,18.25908126550444,19.51285226151909,19.970091780554355,18.754176238035654,16.596115369452708,18.40713969700313,17.691649751986603,17.866384541233906,16.408424458176196,17.841476244648003,19.786966100248176,19.57487232366498,15.009128688333217,15.024938916284869,16.5986892354937,18.31425005167022,15.409812123668486,18.50335792610602,15.686279415129798,19.404573164896092,19.533298057049088,19.240490411412665,15.874492545173537,19.567460140144703,16.57093164028371,17.36640814915782,18.440346104138783,17.030249444294036,18.97846754136947,15.387743194783688,17.966931591845725,18.300775347899098,18.93044270713815,19.094564200163603,16.420268287087165,15.5681789043961,15.243817330704125,15.553110251829024,18.069448813436008,18.31390990962317,16.253277774503008,16.579877367501577,17.644710504518727,19.006680292253794,15.531130144360556,17.497885823404076,18.003836405749347,18.627692253173933,16.56585990847305,15.530388437666511,16.013198550758386,19.978253057215753,18.95001695629455,19.41442071874405,18.84452214008837,16.838263068594173,17.554599681733855,16.258236074813336,19.442319657173897,18.932277941358887,18.993115869865218,18.93582063391614,19.794828033544277,17.252311513879953,16.81735068874402,15.724158267025187,18.179878907603445,19.238802894917853,18.74084840031077,16.153969967930532,18.219043149688513,16.171631903339144,18.20671543138287,17.061783698334253,18.787728870684287,18.88642978399915,15.649839198152588,16.828857465730785,17.41674148930258,18.05790870834164,16.619550322601373,17.92173328818051,19.884912778844637,17.923718883498218,16.33307620809563,15.313748958663243,18.889503450149324,15.263636884950234,17.804460170503543,15.724973199477375,17.861101736962237,16.01232164260466,18.4237672162812,18.04553818987647,17.877099758696296,16.80028142288255,16.928275488680747,19.97482347812973,18.1365895473762,15.585237112866674,19.096454182399142,15.225212193909519,17.70276007921261,19.806108798500148,16.374827163654267,15.976621676631012,19.680462726517742,15.15196651628463,17.729535423448674,19.495161873102965,17.368450443985527,18.074149312884806,19.156171781938763,18.576583103052414,19.47786723450388,19.685417367963407,17.665734921390246,15.563606290722984,17.842450709035003,19.7922076969699,18.216041826528,16.766932553981288,19.066665790857208,18.57851054921724,17.92856872209711,17.24492574406007
23,19.2552652538011,19.884884341901383,17.22028835292363,15.418487744580974,15.596223731506914,17.48739025962463,15.860199231625597,16.553863075630247,18.980504610137356,17.460821000921957,15.66322117255451,18.135951513778796,19.174272857633234,16.610854096841813,16.08550314308762,15.674947193213647,18.81485361424559,15.895768556402082,17.011330885634525,19.06400534793862,18.248721325884844,15.098150966851211,19.685443778038575,16.93012794997505,15.018043218774539,17.877700152245207,19.79776965141219,19.633342306280003,16.65287121643902,16.078915535440785,15.615919575599582,18.90716472202299,16.082109287472466,18.260262777838168,19.087243281358646,19.155774566381787,18.92708339515691,15.430697791934499,19.307581566690438,17.753764295330082,15.807919588786072,19.735126906832463,18.783472034226712,16.103507051203522,15.290404824308924,16.04150792545023,17.890157205468583,18.144835490889374,16.568839595766093,16.061409916276407,19.941955386413987,15.94567653114214,15.645214183490872,18.403193551645938,16.632815370680373,19.103126854931602,19.532604199230793,17.08376619643328,16.840179455499257,17.76583893239718,18.30627935524843,16.46740087637581,16.788425991028927,18.750786828443374,18.07549759300936,19.982858692662074,18.558767736376254,16.064837330707945,15.853838762137972,18.6739492971268,16.14340747662695,18.016154599417348,19.962151122561316,19.22949794264563,16.11637820599172,17.91504283485628,17.02380827232513,19.85265993675636,17.277801223868643,18.4615414880848,15.94601747838882,18.905065622706307,16.322715054845972,15.008098704321295,18.710398435287193,17.15131699488306,15.869455777079711,15.229333882102024,18.720779457807478,17.285797570272116,16.130589078082174,18.181383331557633,15.669529672865838,17.32734765635576,15.679117943390835,17.67585274603922,17.4106556727725,19.410894380514332,18.214097612432052,16.14704213321106,17.38292538052731,19.09989209424071,19.07078974771774,17.8167148556668,19.973620447928454,15.336518641347553,15.346535333932922,17.642092744236496,18.701575704468418,18.374972640533905,17.606008743119506,18.282848510486872,15.704699710388276,17.592784371477492,17.318644839367906,19.225106835585272,17.217687110978208,15.233249988256226,15.649875326653857,17.780697203671156,16.905906582668074,17.858835388871785,15.740009853681876,19.202458587022583,19.932494891598957,19.86019264652689,15.00620799603328,15.59571524272922,15.354809302909654,18.966832501429984
24,16.441201142042893,15.092105105521101,17.686663418289182,16.9703684732638,16.306669692406608,16.395938005775875,17.183503437956347,19.376550028383633,18.079992335494314,18.12857105785374,15.804657979451026,18.367696003166063,18.309018089154776,15.12903630450174,19.866518039635338,19.168294090133582,19.73095259972061,19.1970654061248,19.72601039084757,17.81861687258957,18.33141962693889,16.886328247596147,18.56194859016482,15.787349321881694,17.128331961260383,16.46032606413667,16.69089401014127,18.530152251388138,17.220513602433343,18.12676162997229,18.485728361894687,15.531748515102295,18.591666257085627,16.15051505280257,19.71177065597117,15.094493470351335,16.670214898348977,16.649304840745643,19.58500132834524,16.755936662056424,16.55908954949324,15.843787833396302,16.796090769173777,19.53910093386122,18.74569423784576,15.506967367940184,18.271731688763627,19.153228301186836,18.939245642149313,17.898787505294347,17.171523478851704,18.98791853546904,15.965444151541138,18.192791095809362,16.512184733390036,17.842530547393412,15.072591496404264,17.037205114424438,19.493023225498526,17.296018117950233,16.56665305400843,19.390613138585834,15.926135295750246,15.099645727025763,18.75012449792189,15.358512810119748,17.240460411699686,15.914276092127643,16.241985380280184,15.07042993475512,19.839882045079058,18.74636773779145,18.20207278457595,16.133507845793307,16.69154690459421,15.373501980246369,16.06806715691934,16.11497000065583,15.08509114164506,19.594216988445975,15.100317049977573,18.443365194859666,15.493604059042422,19.305985633028122,15.255766746652839,15.117968571282164,19.037964203188913,19.794742137480615,19.228240889507504,15.631969666057174,17.729502705418184,19.96630081013467,17.459685910333206,19.434450662965062,15.64147520633348,17.59253890013454,19.571930581111676,18.46382745041771,19.855246244413188,19.7604024949566,19.06226530895713,15.586765681292231,19.61430401172209,17.182539568891816,19.443574801705136,17.851613573616476,17.364637310063333,17.371112239507312,18.908728364823137,15.616435332292465,16.300606449647148,16.21926525954409,17.207138023246255,18.698755875610882,17.14729810811096,15.285851684463273,16.61297382516139,19.432627289087065,15.134514141277569,18.19639942857384,15.888927376485867,16.102949406845696,16.251158381834095,15.68205789489723,16.178302119897985,18.60279174472858,19.78568446603608,18.60899165879848,19.824951229997122,17.591633483962298
25,18.489075465461493,18.303687742965714,19.411652751081945,16.225584395061148,19.533997695146766,15.688370412736012,17.60911335433056,18.49801393741182,17.780757540685805,17.966619657580203,17.15737664862516,16.05270238544693,18.976183861877654,18.339764015660695,16.63389844862028,18.141851899379272,17.7312180723545,17.74674027015729,19.57585568119468,15.790099662083096,16.5576552535657,18.065154254226908,16.462353502746765,19.478169643869983,15.2827457636563,18.459530980428273,19.455183492255635,15.58026707874038,17.896601099516644,18.682505250807626,19.140518518111442,18.987112845975503,15.69694409322838,15.18498770748714,18.453664698702298,16.414911825860187,18.082652182723177,18.834956800148916,15.541235265790752,18.078312391855064,15.88865279982007,17.934194408659202,15.835246044205537,17.894382350123532,15.51057874585242,15.409363286237436,18.02732364518682,17.2789798640479,16.014207944470687,18.002974936903886,19.690055130463925,18.262264508775065,15.502828968315484,17.36907674057544,16.743322434715576,17.57468790424118,19.002773195804252,16.008691201865364,15.289474867293556,19.30926825307914,19.994784603387195,18.63356764227023,17.14995240208447,17.057740897210856,19.377082377527245,17.303024236113956,19.129047168259383,17.519826665408864,15.77424172250792,16.088596659561887,19.244615091745914,18.94680817938059,17.484974081590792,18.337285226560326,19.927548741907316,19.46943471490469,18.768632728563183,19.09007963206843,15.355276184864277,17.267755010710367,17.705740954067345,19.10145871567873,16.683538977795116,15.056000801760657,19.846498773089287,17.071292002337216,17.66365895855772,15.917125654342424,17.82306282199956,15.1232797286161,18.173055957180676,18.20976736815416,16.05357910822984,19.188846455739586,16.259215882511942,17.057016488852792,17.310268725551225,18.629633355207535,19.558793590253167,18.5744740318041,15.7908047994788,15.05489834469249,15.450329935248355,19.752992450997038,18.522699603114535,17.259920887743956,19.301865340809066,19.510526118948803,15.202341203773253,19.890445913791247,18.27866403699893,19.674933670147894,17.888484604980547,16.82797815009851,18.094501861886684,18.6470360391245,16.847619720225353,16.504608785292163,18.531683493836887,19.725646730327007,17.04710238799405,18.959931952581673,17.242399637320766,18.548703549186172,17.86751535936817,16.202342358316525,17.12832287867026,15.373594079564402,19.271593958026468,17.64592229404857
26,17.862158228216927,17.893375244598253,17.235408976642876,19.077882745147186,19.601663897720023,15.86901741575546,16.161180895935356,16.458186047187827,18.110886134836026,15.128834545778993,16.821957954539144,18.3878856551863,17.477813120979988,18.436356975095517,15.346507306412546,15.331415770134551,16.79209109143961,19.67669578773965,15.320400018899194,17.018890341839118,19.660533773126144,17.378863047435743,15.840666610622833,18.87758677520968,18.316957459153187,17.27114588136719,19.113896093167458,19.643955223950215,19.957106232031247,17.5608048611873,15.958992823979248,16.57609122107298,17.359727115802837,18.4336396293981,15.944876912372777,16.73244368527549,15.967447577188823,18.08269361112632,16.679652305538703,17.585496113079945,17.11855966133416,18.80231621098224,15.236530734372518,19.51242219021138,17.628539609452677,17.960490743318374,17.585180102953576,17.168784310894157,18.647001335702683,17.174523677951655,16.853092803454096,15.469552211894673,17.352213162482254,17.970251855835237,18.91112132436512,19.160283094813728,19.2332571049788,16.071748030280762,19.72559356783034,17.35790908266599,19.328892196180707,17.129334515016136,19.763460083311735,15.906488222250157,15.64792522967759,19.758779999112605,18.963602275184684,18.10023248404031,15.092754165357546,18.960224581302324,16.4095981014474,19.374889590081914,18.5540925720589,15.629657659978381,17.666060309332163,15.10689329196489,18.633340355773502,17.9811605662359,15.666244256435908,18.735011458038063,15.359769863103663,15.089254863716228,16.713954784817226,17.881875852988337,17.77270799855334,17.017781149478644,17.10968925007639,17.30582778417184,17.140303978018068,19.9248379440914,19.295775432943657,16.53022481511466,18.874134690287782,18.197807524413747,19.83197090999245,17.987479526172756,19.53690280855267,19.68603834331485,19.484794093049853,16.713509661167645,18.89413299896103,15.003370557604374,17.43570561895206,15.850391066182812,19.310772623149774,17.3295356825713,16.47658173976089,18.08693423784375,16.664951344751213,19.2923035939297,18.07818199005596,18.23305466109511,16.79361440169821,17.01197608767071,15.394322200265256,18.350682309536268,19.62352551302006,18.811718011788464,19.333189140636165,18.06051261093459,17.03363511106243,16.49821089599208,18.24216343942898,16.22574346439322,16.854143627293386,16.494840604829246,17.84013406640049,18.842938085612943,18.220200786170768,15.516332445257287
27,16.509402557242517,18.02115574959752,17.57797277387779,17.236184305449804,15.478195214079282,15.115351155285163,19.17236528902672,17.85484511770564,17.06190659343857,17.281777133190012,17.74974740814379,17.051611128964808,18.864095265212473,16.946347710596555,15.151535698544821,15.005784432090717,19.500352320567437,17.106641661643827,16.091818665569825,18.669161669245085,17.417771804871748,19.69187087833609,15.771949358463885,15.678993901693287,16.591406030348153,18.264454123265025,18.00413530929108,15.138251087657373,18.215700082656127,15.730181189651752,17.085081855287,19.82351167194779,17.06237491962865,17.66016933098143,17.166963435546197,16.489726633806185,18.776588476503708,19.674222365063187,16.585621447887743,17.648469156958427,18.11387451230097,16.553816060829952,17.692716448821116,16.001094089422708,18.299945826054024,18.40976878665839,16.9413894529774,15.051364556544273,19.94541366411314,16.250295983889345,18.545049115540625,15.927892110258593,17.575204798701314,19.652228009157827,19.810143320147965,18.3921493679835,19.994913007730048,17.006797058121258,18.284579426120953,18.220477673750658,15.458529527860305,16.416277443563242,17.35534560410169,15.061812799562727,19.94288590601821,16.79779949096411,15.436928437845985,17.838024649441675,18.950641735679042,17.0611852910639,16.772641763708275,16.514196705306457,17.495729091505503,16.408240146363298,18.53563819531937,16.35414174915595,15.629540043035687,15.294166707038885,17.32042412937258,16.932007920717467,16.861117279900462,19.387616492172416,19.94653776895184,16.48068688368178,15.460606558311936,15.053053790484768,19.888942495577943,18.700223706252846,15.58797190499072,15.02958093284566,15.745697552937743,18.18226398188765,18.404619777476224,16.35090344334543,15.449339271424238,19.4290806012679,16.488332336896107,18.20283346051253,16.702846321397494,17.18099842857709,18.54883450521027,15.029320838799686,15.021082614697283,16.650863508546628,15.58492439845193,15.260724826660054,18.697359217718628,19.025882829123063,17.45874165378465,17.228704930996287,19.720172844634853,19.319066633739382,17.915274816955463,17.799458009520123,15.362775239042463,19.557033581645605,17.705890439362918,18.181088152802747,19.09199761991048,15.840955757015156,18.456460903301313,18.522103314939343,19.93639478953329,16.758994557818625,18.09842588163091,18.00533832350347,19.662558137199355,16.887103574076313,16.62004952875794,15.0650388967416
28,18.957377027353523,18.121732450765638,19.844694912386345,18.712235225896748,18.543209470117763,17.68752940046428,15.41691340497223,15.062233843928812,15.461940079190029,19.73901585115291,17.645010167675125,17.591824904484586,15.773508970090905,15.919264295567,16.89280932676913,18.529002717018095,17.841445173768733,15.987568950688287,19.330057316304917,19.97872907574169,17.137118941762463,19.640275340159114,17.42712355384918,18.233982436583958,17.089508336508622,16.471331662655892,18.129703818040635,17.664113278177197,16.713161147894137,19.224279695001076,16.154253879527417,16.87830670086208,17.54187175793777,19.39256619184993,15.333221693378793,15.828031503523576,19.489741687805527,15.66106637746997,19.154289066447568,17.675525427709285,17.724261915958994,15.374277852691257,17.4502783011205,19.145592591003165,19.71572717345139,15.224355389104634,18.932810650498336,15.909380698475454,17.29663327058009,17.568005815760866,18.665045750866,18.418777842397237,15.215279171905086,19.473444818981502,17.00028999721625,15.798261891463955,19.498946465335873,16.784981690291602,18.665616156663095,16.80824045994834,16.94046967940998,17.099962680408332,15.158768977651706,18.022243582528624,19.235402998212706,16.015954110371354,19.3805670022535,18.18095271077787,15.327210330392663,15.191416446798106,17.890816479411814,15.567283094108879,16.785572028981186,15.946912704275274,15.584236926810153,18.711495935529644,17.723356225399378,18.271316709088765,16.832622761658975,16.52716135063898,18.910309523996634,19.695416658901838,15.102972487016531,17.807570529820822,18.608535687632333,15.903829721671078,15.128052330200866,15.606116423664028,16.483540199831737,17.766096756342925,18.711889250472723,16.108338049368975,15.722195059398642,17.105144097761762,16.14250775980101,18.543649737882454,18.895286021162665,18.31226299277641,19.087206851172567,15.61855203711101,19.152061037394947,18.656602427656146,18.489553234476034,16.0767094244559,19.467968617486477,19.045029614978173,16.675482547230217,18.027828771680063,16.00015786236534,18.376166375042395,16.080947290841554,19.19516265096474,15.133761205432478,19.961122833275745,15.276906291154045,16.141115854196926,18.383017433705138,18.560716906082824,17.034821563162886,19.833227947927,15.214595957879258,18.91801584996663,19.382327712475252,19.00865306720356,18.605070569326347,18.129655715799956,18.409378364877526,19.698306353890537,17.894293371921286,15.347500273871882
29,17.66435669777706,17.533531663658717,15.180374450316803,17.23946963856296,15.937056906917249,15.24688676283094,16.157198907974696,18.361163886471648,15.655541211467556,17.026492453327656,18.11195477049622,15.913189278881918,15.042563936393972,16.695381610834414,19.566191845135066,19.387543290196778,16.058772789713295,18.54469875943434,17.369228293866033,18.041601396968343,17.544741363451294,18.26027755227758,19.733877294939955,16.65681953597243,15.014376492641556,15.776979135716259,17.778592756156232,16.029387894155246,15.31630270911728,15.297500022284302,15.311003341591185,19.004002020333285,16.962949011309732,19.151715658066657,16.429014089400297,15.21374885216659,18.690100456801403,16.326935022143363,16.271758421078093,16.76170781739421,18.895781754764137,17.17867588648446,16.17209245420578,19.736377824719458,19.855101349810454,19.432405690230105,19.149866029336074,19.23115981310823,17.064749074003913,19.725043587635252,18.431664505244914,15.434235367834706,19.548175062471017,18.147650362774474,19.81364427305445,18.780076465231446,15.819492253932129,18.74402258564827,17.05789440356115,19.16300499503247,18.129788802378258,19.153994988792526,19.275691072212148,19.092232622178493,15.185337167256478,16.5906309079,16.475913910251297,16.03295118336644,16.951501925697894,17.402193265629606,19.00992043624332,16.06580736815521,16.989401935182137,19.791841537427924,18.56871961410117,18.137911786767685,17.7218658696097,19.740775585688972,19.041134808530693,15.564994922049387,19.13564547058673,18.1488663636704,17.074348315006127,16.661729358109174,16.624701833486636,17.87557446847966,18.58405997232212,19.119554742079004,18.657979827700146,15.056805410303914,17.482748881893333,19.627048026655665,18.444396985944557,19.57123272521616,17.205457558333222,15.910690218895793,16.394597926204003,18.047842839643714,17.524285995338268,19.885051776760108,19.654023719449256,19.530619428754626,18.61951502840449,17.935749528381667,18.15620743028354,15.157316248794697,19.09603224732264,18.11551583952808,15.333139497815013,17.543771231872192,17.650193366322494,19.440972778576864,17.334990520741094,15.20890150795683,15.386464138397766,15.826986825716078,16.00459507622446,19.38603999888404,18.911449955340494,19.647072516151656,18.551800986643176,16.17972902005968,16.086326573886307,16.598688441455238,19.343295965065234,15.16627913535885,15.031913117720197,19.264445501218233,18.850004611633977,19.118478425684415
30,18.21291869838181,15.986576812654356,19.165960567526547,19.400908377374137,16.140580403717873,17.20558768289932,18.584696733867663,16.017447458521247,19.908628649582358,15.534165587206665,17.315483272616326,17.945781236518986,16.48171760459162,19.101012581480493,15.065249698346845,18.31043046408545,18.984415775258284,19.53394956689523,15.01156560805324,19.321666753593053,19.188332927471148,17.798352922249116,17.474868969422456,16.105949275995073,16.36475300472784,15.092009522846237,18.105957543918436,17.759474793721953,18.082096888367374,18.97029091199255,19.723031049250217,19.434380944842186,17.79220280087612,19.36838465535809,19.814553419595125,17.1559305081508,17.91332290329558,18.129605700501262,16.10594871406615,16.84850750512394,17.191634238063507,19.247230744844888,16.39917262324794,16.25866975041015,17.010540040867806,16.706429779835723,15.695560218931366,18.99935798325788,19.185941109048606,19.463387474536948,15.318267426115503,17.24068326230455,15.083199027157917,15.369805263966862,19.251018058846025,17.172396836303335,15.671727745243357,16.04530805305994,16.070756075708356,15.274596428055032,16.174234479719193,19.235299697338448,17.179364119266026,18.993776266688013,17.59961497833535,16.962714807420728,18.244059170882334,18.350130974134384,18.19795550876621,18.953842745793064,16.480533465635894,15.038275248243238,16.50885867368764,15.571948821208629,15.084557484649423,19.808771654252475,15.24262638746273,17.19839987116075,15.281822181078688,15.038944455160653,18.852842977222878,15.939311075427783,15.32019011822359,16.5673649745164,17.410636145369644,19.831470500380608,18.209875714585976,19.581392990116374,18.797641178459468,15.36666711601341,18.831668495681996,19.77273272526089,19.924275377627882,18.140090225269113,16.227772830938235,16.358211252076657,18.77874998589099,19.810813024023794,16.21969023670418,15.915773193040092,19.011222357182472,15.005934695660804,19.806936920831973,16.185533330588857,17.61990673010633,17.946969139711285,18.254431736947836,15.870345855552257,16.621896988359406,17.749664086490846,17.95671259220102,18.07949024331187,19.07748020800595,17.94088376377941,16.43999583136692,17.096417733757672,15.610487553904662,16.20847354797501,15.085625370736295,18.31092658309985,17.94480861808561,18.886275760594025,16.84636539362515,15.929591535969456,19.79561395783674,15.880660742439542,15.99711843278183,19.96256542860949,18.792257052739103,17.89335285937452
