solution index,tabu size,T,Tf,alpha,K,neighbor_percentage,greedy Z1,hybrid Z1,normalized hybrid Z1,greedy Z2,hybrid Z2,normalized hybrid Z2,greedy Z3,hybrid Z3,normalized hybrid Z3,greedy multi objective value,hybrid multi objective value,normalized hybrid multi objective value,w1,w2,w3,weighted multi objective value,optimization running time,open/close status of facilities
1,13,103,50,0.919091,12,0.638889,-12870512436.695688,-12864252067.725204,-29.660630169313013,27608329.607344456,27620570.72008232,0.4309414889293905,1162633996.0364656,1168933342.1434755,36.631111404782516,-11586652599.277111,-11576884253.031494,6.320491251684164,0.718,0.241,0.041,-3.4074567593604836,1317.02,"[[0, 1, 1, 1, 1, 0, 0, 0, 1, 1, 0, 1, 0, 0, 0, 0, 1, 0, 0, 1, 0, 0, 1, 1, 0], [1, 0, 1, 0, 1, 0, 1, 1, 0, 1, 0, 0, 1, 0, 0, 0, 0, 1, 1, 1, 0, 1, 1, 0, 1], [0, 1, 1, 1, 1, 0, 0, 0, 1, 0, 0, 1, 0, 0, 1, 1, 1, 0, 0, 1, 1, 1, 1, 0, 1], [1, 0, 0, 1, 1, 1, 1, 0, 0, 1, 0, 1, 0, 0, 0, 0, 0, 0, 1, 1, 1, 0, 1, 1, 1]]"
2,13,103,50,0.919091,12,0.638889,-12870512436.695688,-12866239743.11399,-29.665599357784977,27608329.607344456,25860970.095328163,0.40001704912703273,1162633996.0364656,1160977268.420156,36.36590894733853,-11586652599.277111,-11579337498.110779,6.3218541656171,0.595,0.309,0.096,-3.479508657316371,1317.02,"[[0, 0, 1, 0, 0, 0, 1, 1, 0, 0, 1, 1, 1, 1, 0, 1, 0, 1, 0, 1, 0, 1, 0, 0, 0], [0, 0, 1, 1, 0, 0, 1, 0, 0, 1, 0, 1, 1, 1, 1, 0, 0, 0, 1, 1, 0, 1, 0, 1, 1], [1, 1, 1, 0, 0, 1, 1, 0, 0, 1, 0, 0, 1, 0, 1, 1, 1, 1, 0, 1, 0, 1, 1, 0, 0], [1, 0, 0, 1, 1, 1, 1, 0, 1, 0, 0, 1, 0, 0, 1, 1, 0, 0, 1, 0, 0, 1, 0, 1, 1]]"
3,13,103,50,0.919091,12,0.638889,-12870512436.695688,-12872210845.583569,-29.68052711395892,27608329.607344456,27661471.868847415,0.4316603140394976,1162633996.0364656,1174900290.1616948,36.83000967205649,-11586652599.277111,-11569005268.14559,6.316114037858661,0.469,0.505,0.026,-3.3713981212162025,1317.02,"[[0, 1, 1, 0, 0, 1, 0, 0, 0, 1, 0, 1, 1, 0, 0, 0, 1, 0, 1, 1, 1, 0, 0, 0, 1], [1, 1, 0, 0, 0, 1, 1, 1, 1, 0, 0, 0, 0, 0, 1, 0, 0, 1, 1, 1, 0, 0, 1, 1, 1], [1, 0, 1, 1, 0, 0, 0, 1, 0, 0, 0, 1, 0, 1, 1, 1, 1, 1, 1, 1, 1, 0, 0, 1, 0], [1, 1, 1, 1, 1, 0, 1, 0, 0, 0, 1, 0, 1, 0, 0, 0, 0, 0, 1, 1, 0, 1, 1, 0, 1]]"
4,13,103,50,0.919091,12,0.638889,-12870512436.695688,-12869159707.011059,-29.672899267527647,27608329.607344456,27338121.784587663,0.42597753575725245,1162633996.0364656,1164499609.4422758,36.48332031474253,-11586652599.277111,-11574728420.130308,6.31929356673906,0.571,0.316,0.113,-3.446551203265126,1317.02,"[[0, 0, 0, 1, 0, 0, 1, 1, 1, 1, 0, 1, 1, 1, 0, 1, 0, 1, 0, 1, 0, 0, 0, 0, 0], [0, 0, 1, 0, 0, 1, 1, 1, 0, 1, 0, 1, 1, 0, 1, 0, 1, 0, 1, 1, 0, 1, 0, 0, 1], [0, 1, 1, 0, 0, 0, 1, 0, 0, 1, 0, 0, 1, 1, 1, 1, 1, 1, 1, 0, 1, 1, 0, 0, 1], [1, 0, 0, 1, 1, 1, 1, 0, 0, 0, 0, 1, 0, 0, 1, 1, 0, 0, 1, 0, 0, 1, 1, 1, 1]]"
5,13,103,50,0.919091,12,0.638889,-12870512436.695688,-12863656285.89524,-29.6591407147381,27608329.607344456,27556162.954916425,0.42980954226566653,1162633996.0364656,1162735559.7690206,36.42451865896735,-11586652599.277111,-11578451026.805798,6.321361681558776,0.507,0.433,0.06,-3.4525585212074024,1317.02,"[[0, 1, 1, 0, 1, 0, 0, 0, 1, 1, 0, 1, 0, 0, 0, 0, 1, 0, 0, 1, 0, 1, 1, 0, 1], [1, 0, 1, 0, 1, 0, 1, 1, 0, 1, 1, 0, 1, 0, 0, 0, 0, 0, 1, 1, 0, 1, 1, 0, 1], [0, 1, 1, 1, 1, 0, 0, 0, 1, 0, 0, 1, 0, 0, 1, 1, 1, 0, 0, 1, 1, 1, 1, 0, 1], [1, 0, 0, 1, 1, 1, 0, 0, 0, 1, 0, 1, 0, 0, 0, 0, 0, 0, 1, 1, 1, 1, 1, 1, 1]]"
6,13,103,50,0.919091,12,0.638889,-12870512436.695688,-12860793632.132536,-29.65198408033134,27608329.607344456,27939069.347836696,0.4365390043556537,1162633996.0364656,1169562438.691234,36.6520812897078,-11586652599.277111,-11568782081.41661,6.315990045231451,0.432,0.547,0.021,-3.3973063002691966,1317.02,"[[1, 0, 1, 1, 0, 0, 1, 0, 1, 1, 0, 1, 1, 0, 0, 0, 0, 1, 0, 1, 0, 0, 0, 0, 1], [0, 1, 1, 1, 1, 1, 0, 0, 0, 1, 0, 1, 0, 0, 1, 0, 1, 0, 1, 1, 0, 1, 0, 0, 1], [0, 1, 1, 0, 0, 1, 0, 0, 1, 1, 0, 0, 0, 0, 1, 1, 1, 1, 1, 1, 1, 1, 0, 0, 1], [1, 0, 0, 0, 1, 1, 1, 0, 0, 0, 0, 0, 1, 0, 1, 0, 1, 0, 1, 0, 1, 1, 1, 1, 1]]"
7,13,103,50,0.919091,12,0.638889,-12870512436.695688,-12868518956.332098,-29.671297390830244,27608329.607344456,26455686.58254236,0.4104690084805336,1162633996.0364656,1167262981.0005794,36.57543270001931,-11586652599.277111,-11573400709.026867,6.318555949459371,0.59,0.249,0.161,-3.4317850742114686,1317.02,"[[0, 0, 0, 0, 0, 0, 1, 1, 0, 1, 1, 1, 1, 1, 0, 1, 0, 1, 0, 1, 0, 0, 1, 0, 0], [0, 0, 1, 1, 0, 0, 1, 0, 0, 1, 0, 1, 1, 0, 1, 0, 1, 0, 1, 1, 0, 1, 0, 1, 1], [1, 1, 1, 0, 0, 0, 1, 0, 0, 1, 0, 0, 1, 0, 1, 1, 1, 1, 1, 0, 1, 1, 1, 0, 0], [1, 0, 0, 1, 1, 1, 1, 0, 1, 0, 0, 1, 0, 0, 1, 1, 0, 0, 1, 0, 0, 1, 0, 1, 1]]"
8,13,103,50,0.919091,12,0.638889,-12870512436.695688,-12867792542.385492,-29.669481355963732,27608329.607344456,27154490.041874126,0.4227502643563115,1162633996.0364656,1171526899.268381,36.71756330894604,-11586652599.277111,-11567705579.923374,6.315391988846319,0.479,0.428,0.093,-3.3951709926880316,1317.02,"[[0, 1, 1, 0, 0, 1, 0, 0, 0, 1, 1, 1, 1, 0, 0, 0, 1, 0, 0, 1, 1, 0, 0, 0, 1], [1, 1, 0, 0, 0, 1, 0, 1, 1, 0, 0, 1, 0, 0, 1, 1, 0, 1, 1, 1, 0, 0, 1, 0, 1], [1, 0, 1, 1, 0, 0, 0, 1, 0, 0, 1, 0, 0, 1, 1, 1, 1, 1, 1, 1, 1, 0, 0, 1, 0], [1, 1, 0, 1, 1, 1, 1, 0, 0, 0, 1, 1, 1, 0, 0, 0, 0, 0, 1, 1, 0, 0, 0, 1, 1]]"
9,13,103,50,0.919091,12,0.638889,-12870512436.695688,-12866944420.222887,-29.66736105055722,27608329.607344456,27707021.707962457,0.4324608384527673,1162633996.0364656,1169206387.561241,36.64021291870803,-11586652599.277111,-11577832656.920446,6.321018142733581,0.477,0.389,0.133,-3.4075042754126876,1317.02,"[[0, 1, 1, 0, 0, 1, 0, 0, 1, 1, 0, 1, 0, 0, 0, 0, 1, 0, 0, 1, 1, 0, 1, 0, 1], [0, 0, 1, 0, 1, 0, 1, 1, 1, 1, 1, 0, 1, 0, 0, 0, 0, 0, 1, 0, 1, 1, 1, 0, 1], [1, 1, 1, 1, 1, 0, 0, 1, 0, 0, 0, 1, 0, 0, 1, 1, 1, 0, 0, 1, 1, 1, 1, 0, 0], [1, 0, 0, 1, 1, 1, 0, 0, 0, 1, 0, 1, 0, 0, 0, 0, 0, 0, 1, 1, 1, 1, 1, 1, 1]]"
10,13,103,50,0.919091,12,0.638889,-12870512436.695688,-12861886388.695007,-29.654715971737517,27608329.607344456,26459842.065386966,0.4105420398134792,1162633996.0364656,1174228300.0212073,36.80761000070691,-11586652599.277111,-11564703584.939537,6.3137242138552985,0.345,0.629,0.026,-3.374426501307113,1317.02,"[[0, 1, 1, 0, 0, 0, 0, 1, 0, 1, 1, 1, 1, 0, 0, 0, 1, 0, 1, 1, 0, 0, 0, 1, 0], [1, 1, 1, 0, 0, 1, 1, 0, 0, 0, 0, 0, 1, 1, 0, 0, 0, 1, 1, 1, 0, 0, 1, 1, 1], [1, 1, 0, 1, 1, 0, 0, 0, 0, 0, 0, 1, 0, 1, 1, 1, 0, 1, 1, 1, 1, 1, 0, 1, 0], [1, 1, 0, 1, 1, 1, 1, 0, 0, 0, 1, 1, 1, 0, 0, 0, 0, 0, 1, 1, 0, 0, 1, 0, 1]]"
11,13,103,50,0.919091,12,0.638889,-12870512436.695688,-12867544461.785532,-29.66886115446383,27608329.607344456,27239512.568426162,0.42424450911118033,1162633996.0364656,1177601448.131025,36.92004827103417,-11586652599.277111,-11557833372.559624,6.309907429199791,0.499,0.312,0.188,-3.350003025994628,1317.02,"[[0, 0, 1, 1, 0, 1, 0, 0, 0, 1, 1, 1, 1, 0, 1, 0, 1, 0, 0, 0, 1, 0, 0, 0, 1], [1, 1, 0, 1, 0, 0, 0, 1, 1, 0, 1, 0, 0, 0, 1, 1, 0, 1, 1, 0, 1, 0, 1, 1, 0], [1, 0, 1, 1, 0, 0, 0, 1, 1, 0, 1, 0, 0, 1, 0, 1, 1, 1, 1, 1, 1, 0, 0, 1, 0], [1, 0, 1, 0, 1, 1, 1, 0, 0, 0, 1, 1, 1, 0, 0, 0, 0, 0, 0, 1, 0, 1, 1, 1, 1]]"
12,13,103,50,0.919091,12,0.638889,-12870512436.695688,-12874247518.299387,-29.685618795748468,27608329.607344456,27431687.108876254,0.42762191755494294,1162633996.0364656,1173949808.9792907,36.79832696597636,-11586652599.277111,-11570451163.502323,6.316917313056846,0.434,0.43,0.136,-3.381898417659956,1317.02,"[[0, 1, 1, 0, 0, 1, 0, 0, 0, 1, 1, 1, 1, 0, 0, 0, 1, 0, 0, 1, 1, 0, 0, 0, 1], [1, 1, 0, 0, 0, 1, 0, 1, 1, 0, 1, 0, 0, 0, 1, 1, 0, 1, 1, 0, 1, 0, 1, 1, 0], [1, 0, 1, 1, 0, 0, 0, 1, 0, 0, 1, 0, 0, 1, 1, 1, 1, 1, 1, 1, 0, 1, 0, 1, 0], [1, 1, 0, 1, 1, 1, 1, 0, 0, 0, 1, 1, 1, 0, 0, 0, 0, 0, 1, 1, 0, 0, 1, 0, 1]]"
13,13,103,50,0.919091,12,0.638889,-12870512436.695688,-12877179372.554264,-29.69294843138566,27608329.607344456,27659168.877836566,0.43161983968078327,1162633996.0364656,1174208182.5841799,36.80693941947266,-11586652599.277111,-11584230239.65496,6.324572355363867,0.299,0.669,0.032,-3.3813229861714564,1317.02,"[[0, 1, 1, 0, 0, 0, 1, 0, 1, 1, 0, 0, 0, 1, 0, 0, 0, 0, 1, 1, 1, 0, 1, 0, 1], [1, 1, 0, 0, 1, 0, 0, 1, 1, 1, 1, 0, 1, 0, 1, 0, 0, 0, 1, 0, 0, 1, 1, 0, 1], [1, 1, 0, 1, 1, 0, 1, 1, 0, 0, 0, 1, 0, 0, 1, 1, 1, 0, 0, 1, 1, 1, 1, 0, 0], [1, 0, 0, 1, 1, 1, 1, 0, 0, 1, 0, 1, 0, 0, 0, 0, 0, 0, 1, 1, 1, 1, 1, 0, 1]]"
14,13,103,50,0.919091,12,0.638889,-12870512436.695688,-12872489415.637318,-29.681223539093295,27608329.607344456,27601710.372662846,0.43061002412412736,1162633996.0364656,1173476679.2353969,36.78255597451323,-11586652599.277111,-11571282785.482763,6.317379325268202,0.348,0.56,0.092,-3.382471345982797,1317.02,"[[0, 1, 1, 0, 0, 0, 1, 0, 0, 1, 0, 1, 1, 0, 0, 0, 1, 0, 1, 1, 1, 0, 0, 0, 1], [1, 1, 0, 0, 0, 1, 1, 1, 1, 0, 0, 0, 0, 0, 1, 0, 0, 1, 1, 1, 0, 0, 1, 1, 1], [1, 1, 0, 1, 0, 0, 0, 1, 0, 0, 0, 1, 0, 1, 1, 1, 1, 1, 1, 1, 1, 0, 0, 1, 0], [1, 1, 1, 1, 1, 0, 1, 0, 0, 0, 1, 0, 1, 0, 0, 0, 0, 0, 1, 1, 0, 1, 1, 0, 1]]"
15,13,103,50,0.919091,12,0.638889,-12870512436.695688,-12868210512.094776,-29.670526280236942,27608329.607344456,27780767.744379666,0.4337569023616813,1162633996.0364656,1171445301.8352988,36.71484339450996,-11586652599.277111,-11570921946.159828,6.317178858977682,0.609,0.066,0.325,-3.3918936371562687,1317.02,"[[1, 0, 1, 1, 0, 0, 1, 1, 1, 1, 0, 1, 1, 0, 0, 0, 0, 1, 0, 0, 0, 0, 0, 0, 1], [0, 1, 1, 0, 1, 1, 1, 0, 0, 1, 0, 1, 0, 0, 1, 1, 1, 0, 1, 1, 0, 1, 0, 0, 0], [0, 1, 1, 0, 0, 0, 1, 0, 1, 0, 0, 0, 1, 0, 1, 1, 1, 1, 1, 1, 1, 1, 0, 0, 1], [1, 0, 0, 1, 1, 1, 1, 0, 0, 1, 0, 0, 1, 0, 0, 0, 1, 0, 1, 0, 1, 1, 0, 1, 1]]"
16,13,103,50,0.919091,12,0.638889,-12870512436.695688,-12870690214.479017,-29.676725536197544,27608329.607344456,26689726.726696417,0.41458219203332897,1162633996.0364656,1173762452.789294,36.79208175964313,-11586652599.277111,-11573567681.97504,6.318648712208356,0.373,0.495,0.132,-3.3848613065904285,1317.02,"[[1, 0, 1, 0, 0, 0, 1, 0, 1, 0, 0, 1, 1, 1, 0, 0, 1, 0, 0, 1, 1, 0, 0, 0, 1], [0, 1, 0, 0, 1, 1, 1, 0, 1, 1, 0, 1, 0, 1, 1, 0, 0, 0, 1, 0, 0, 1, 1, 0, 1], [1, 1, 1, 0, 1, 0, 1, 0, 0, 0, 1, 0, 1, 0, 1, 1, 1, 0, 0, 1, 1, 1, 1, 0, 0], [0, 1, 1, 0, 1, 0, 0, 1, 0, 0, 0, 1, 0, 0, 1, 1, 0, 0, 1, 1, 1, 1, 1, 0, 1]]"
17,13,103,50,0.919091,12,0.638889,-12870512436.695688,-12873034444.768227,-29.682586111920568,27608329.607344456,27769646.86942785,0.43356145640470733,1162633996.0364656,1175929760.7580807,36.86432535860269,-11586652599.277111,-11577074380.08124,6.320596877822911,0.426,0.362,0.211,-3.363948509685523,1317.02,"[[0, 1, 1, 0, 0, 0, 1, 0, 1, 1, 0, 0, 0, 0, 0, 0, 1, 0, 1, 1, 1, 0, 1, 0, 1], [0, 1, 0, 0, 1, 0, 1, 1, 1, 1, 1, 0, 1, 0, 1, 0, 0, 0, 1, 0, 0, 1, 1, 0, 1], [1, 1, 0, 1, 1, 0, 1, 1, 0, 0, 0, 1, 0, 0, 1, 1, 1, 0, 0, 1, 1, 1, 1, 0, 0], [1, 0, 0, 1, 1, 1, 1, 0, 0, 1, 0, 1, 0, 0, 0, 0, 0, 0, 1, 1, 1, 1, 1, 0, 1]]"
18,13,103,50,0.919091,12,0.638889,-12870512436.695688,-12866439133.476933,-29.66609783369233,27608329.607344456,27356650.963623233,0.4263031803800217,1162633996.0364656,1167745237.9307404,36.59150793102468,-11586652599.277111,-11572075516.335323,6.317819731297402,0.523,0.181,0.296,-3.420072078911467,1317.02,"[[0, 0, 0, 1, 0, 0, 1, 1, 1, 1, 0, 1, 1, 1, 0, 1, 0, 1, 0, 1, 0, 0, 0, 0, 0], [0, 1, 1, 0, 0, 1, 1, 1, 0, 1, 0, 1, 0, 0, 1, 0, 1, 0, 1, 1, 0, 1, 0, 0, 1], [0, 1, 1, 0, 0, 0, 0, 1, 0, 1, 0, 1, 1, 0, 1, 1, 1, 1, 1, 0, 1, 1, 0, 0, 1], [1, 0, 0, 1, 1, 1, 1, 0, 0, 0, 0, 0, 1, 0, 1, 0, 1, 0, 1, 0, 0, 1, 1, 1, 1]]"
19,13,103,50,0.919091,12,0.638889,-12870512436.695688,-12856753218.875298,-29.641883047188244,27608329.607344456,25786186.30891473,0.3987027470811024,1162633996.0364656,1183507397.787294,37.116913259576464,-11586652599.277111,-11551762838.815989,6.306534910453327,0.391,0.389,0.219,-3.306276898988811,1317.02,"[[1, 0, 1, 0, 0, 0, 0, 1, 0, 1, 1, 1, 1, 0, 0, 0, 1, 0, 1, 1, 0, 0, 0, 1, 0], [0, 1, 1, 1, 1, 0, 1, 0, 0, 0, 0, 0, 1, 1, 0, 0, 0, 1, 1, 1, 0, 0, 1, 1, 1], [1, 1, 0, 1, 1, 0, 0, 0, 0, 0, 0, 1, 0, 1, 1, 1, 0, 1, 1, 1, 1, 1, 1, 0, 0], [1, 1, 0, 1, 1, 1, 1, 0, 0, 0, 1, 1, 0, 0, 0, 0, 0, 0, 1, 1, 1, 0, 1, 0, 1]]"
20,13,103,50,0.919091,12,0.638889,-12870512436.695688,-12867222809.940605,-29.668057024851514,27608329.607344456,27659703.77096503,0.43162924026300575,1162633996.0364656,1165059807.3391972,36.50199357797324,-11586652599.277111,-11582165215.838911,6.323425119910506,0.448,0.279,0.273,-3.4383699286784957,1317.02,"[[0, 1, 1, 0, 0, 0, 1, 0, 1, 1, 0, 1, 0, 0, 0, 0, 1, 0, 0, 1, 1, 0, 1, 0, 1], [0, 0, 1, 0, 1, 0, 1, 1, 1, 1, 1, 0, 1, 0, 0, 0, 0, 0, 1, 0, 1, 1, 1, 0, 1], [1, 1, 1, 1, 1, 0, 0, 1, 0, 0, 0, 1, 0, 0, 1, 1, 1, 0, 0, 1, 1, 1, 1, 0, 0], [1, 0, 0, 1, 1, 1, 0, 0, 0, 1, 0, 1, 0, 0, 0, 0, 0, 0, 1, 1, 1, 1, 1, 1, 1]]"
21,13,103,50,0.919091,12,0.638889,-12870512436.695688,-12871257688.6908,-29.678144221727,27608329.607344456,27384133.26171365,0.42678617331658436,1162633996.0364656,1167477454.6223502,36.582581820745006,-11586652599.277111,-11573521460.314487,6.318623033508048,0.465,0.238,0.297,-3.426549150531949,1317.02,"[[0, 0, 0, 1, 0, 0, 1, 1, 1, 1, 0, 1, 1, 1, 0, 1, 0, 1, 0, 1, 0, 0, 0, 0, 0], [0, 0, 1, 0, 0, 1, 1, 1, 0, 1, 0, 1, 1, 0, 1, 0, 1, 0, 1, 1, 0, 1, 0, 0, 1], [0, 1, 1, 0, 0, 0, 0, 1, 0, 1, 0, 0, 1, 1, 1, 1, 1, 1, 1, 0, 1, 1, 0, 0, 1], [1, 0, 0, 1, 1, 1, 1, 0, 0, 0, 0, 0, 1, 0, 1, 1, 0, 0, 1, 0, 0, 1, 1, 1, 1]]"
22,13,103,50,0.919091,12,0.638889,-12870512436.695688,-12872459343.677443,-29.681148359193607,27608329.607344456,27346803.66253183,0.4261301170919478,1162633996.0364656,1174397980.3420067,36.81326601140022,-11586652599.277111,-11572050138.824654,6.317805632680363,0.512,0.152,0.336,-3.3774591363992847,1317.02,"[[0, 1, 1, 0, 0, 0, 1, 0, 0, 1, 0, 0, 0, 1, 0, 0, 0, 1, 1, 1, 1, 0, 1, 0, 1], [1, 1, 0, 0, 1, 0, 0, 1, 1, 1, 1, 0, 1, 0, 1, 0, 0, 0, 1, 0, 0, 1, 1, 0, 1], [1, 1, 1, 0, 1, 0, 1, 1, 0, 0, 0, 1, 0, 0, 1, 1, 1, 0, 0, 1, 1, 1, 1, 0, 0], [1, 0, 0, 1, 1, 1, 1, 1, 0, 0, 0, 1, 0, 0, 0, 0, 0, 0, 1, 1, 1, 1, 1, 0, 1]]"
23,13,103,50,0.919091,12,0.638889,-12870512436.695688,-12860575375.709846,-29.651438439274617,27608329.607344456,27444921.498414136,0.42785450788074053,1162633996.0364656,1167531989.1791234,36.58439963930412,-11586652599.277111,-11562140471.026125,6.31230026168118,0.406,0.341,0.254,-3.4152935051831665,1317.02,"[[0, 1, 0, 1, 1, 0, 0, 1, 0, 1, 0, 1, 1, 0, 0, 0, 1, 0, 1, 1, 0, 0, 0, 1, 0], [0, 1, 1, 1, 1, 0, 0, 1, 0, 1, 0, 0, 1, 0, 0, 0, 0, 1, 1, 1, 0, 1, 1, 0, 1], [0, 1, 1, 1, 1, 0, 0, 0, 0, 0, 0, 1, 0, 0, 1, 1, 1, 0, 1, 1, 1, 1, 1, 0, 1], [1, 1, 0, 1, 1, 1, 1, 0, 0, 0, 1, 1, 0, 0, 0, 0, 0, 0, 1, 1, 1, 0, 1, 0, 1]]"
24,13,103,50,0.919091,12,0.638889,-12870512436.695688,-12855438992.702192,-29.638597481755482,27608329.607344456,26579479.518653415,0.41264463125928674,1162633996.0364656,1177119923.7105656,36.90399745701885,-11586652599.277111,-11554443309.949125,6.308024061082848,0.556,0.06,0.384,-3.3461974107194017,1317.02,"[[0, 1, 1, 0, 0, 0, 0, 1, 0, 1, 1, 1, 1, 0, 0, 0, 1, 0, 1, 1, 0, 0, 0, 1, 0], [0, 1, 1, 1, 1, 0, 1, 0, 0, 0, 0, 0, 1, 1, 0, 0, 0, 1, 1, 1, 0, 0, 1, 1, 1], [1, 1, 0, 1, 1, 0, 0, 0, 0, 0, 0, 1, 0, 1, 1, 1, 0, 1, 1, 1, 1, 1, 1, 0, 0], [1, 1, 0, 1, 1, 1, 1, 0, 0, 0, 1, 1, 0, 0, 0, 0, 0, 0, 1, 1, 1, 0, 1, 0, 1]]"
25,13,103,50,0.919091,12,0.638889,-12870512436.695688,-12868340801.27206,-29.67085200318015,27608329.607344456,27356010.04874671,0.4262919164981847,1162633996.0364656,1167169970.4935167,36.57233234978389,-11586652599.277111,-11568590117.162197,6.315883398423443,0.468,0.213,0.319,-3.426134793122973,1317.02,"[[0, 0, 0, 1, 0, 0, 1, 1, 1, 1, 0, 1, 1, 1, 0, 1, 0, 1, 0, 1, 0, 0, 0, 0, 0], [0, 0, 1, 0, 0, 1, 1, 1, 0, 1, 0, 1, 1, 0, 1, 0, 1, 0, 1, 1, 0, 1, 0, 0, 1], [0, 1, 1, 0, 0, 0, 0, 1, 0, 1, 0, 0, 1, 1, 1, 1, 1, 1, 1, 0, 1, 1, 0, 0, 1], [1, 0, 0, 1, 1, 1, 1, 0, 0, 0, 0, 0, 1, 0, 1, 0, 1, 0, 1, 0, 0, 1, 1, 1, 1]]"
26,13,103,50,0.919091,12,0.638889,-12870512436.695688,-12867170613.795109,-29.667926534487773,27608329.607344456,26703538.094088614,0.41482492256746245,1162633996.0364656,1161193166.7776377,36.37310555925459,-11586652599.277111,-11583533484.368572,6.324185269093651,0.369,0.393,0.238,-3.4730822626292213,1317.02,"[[1, 0, 1, 0, 0, 0, 1, 0, 0, 1, 0, 1, 1, 1, 0, 0, 0, 1, 0, 1, 0, 1, 0, 0, 1], [0, 0, 1, 1, 1, 1, 1, 0, 0, 1, 0, 1, 0, 1, 1, 0, 0, 0, 1, 0, 0, 1, 1, 0, 1], [1, 1, 1, 0, 0, 0, 1, 0, 0, 0, 0, 1, 1, 0, 1, 1, 1, 1, 0, 1, 1, 1, 1, 0, 0], [0, 1, 1, 0, 1, 0, 0, 0, 1, 0, 0, 1, 0, 0, 1, 1, 0, 0, 1, 1, 1, 1, 1, 0, 1]]"
27,13,103,50,0.919091,12,0.638889,-12870512436.695688,-12873075585.173986,-29.682688962934964,27608329.607344456,27298891.797926262,0.4252880808071399,1162633996.0364656,1170705859.429135,36.6901953143045,-11586652599.277111,-11573556987.38737,6.318642770770761,0.345,0.437,0.218,-3.4053415472409068,1317.02,"[[0, 1, 1, 0, 0, 1, 0, 0, 0, 1, 1, 1, 1, 0, 0, 0, 1, 0, 0, 1, 1, 0, 0, 0, 1], [1, 1, 0, 0, 0, 1, 0, 1, 1, 0, 1, 0, 0, 0, 1, 1, 0, 1, 1, 1, 0, 0, 1, 0, 1], [1, 0, 1, 1, 0, 0, 0, 1, 0, 0, 1, 0, 0, 1, 1, 1, 1, 1, 1, 1, 1, 0, 0, 1, 0], [1, 1, 0, 1, 1, 1, 1, 0, 0, 0, 1, 1, 1, 0, 0, 0, 0, 0, 1, 1, 0, 0, 0, 1, 1]]"
28,13,103,50,0.919091,12,0.638889,-12870512436.695688,-12871420372.47446,-29.67855093118615,27608329.607344456,27032150.864976637,0.4206001909486228,1162633996.0364656,1173851161.703423,36.79503872344743,-11586652599.277111,-11573222066.99055,6.318456703883639,0.32,0.479,0.202,-3.382586459379784,1317.02,"[[1, 0, 1, 1, 0, 0, 0, 1, 1, 1, 0, 1, 1, 0, 0, 0, 0, 1, 0, 0, 0, 0, 1, 0, 1], [0, 0, 1, 0, 1, 1, 1, 0, 0, 1, 0, 1, 1, 0, 1, 1, 1, 0, 0, 1, 1, 1, 0, 0, 0], [0, 1, 1, 0, 0, 0, 1, 0, 0, 0, 0, 0, 1, 0, 1, 1, 1, 1, 1, 1, 1, 1, 0, 1, 1], [1, 0, 0, 0, 1, 1, 1, 0, 0, 1, 1, 0, 1, 0, 0, 0, 1, 0, 1, 0, 1, 1, 0, 1, 1]]"
29,13,103,50,0.919091,12,0.638889,-12870512436.695688,-12856285175.661917,-29.640712939154792,27608329.607344456,25751499.730218217,0.39809314112861544,1162633996.0364656,1179376192.0003545,36.97920640001182,-11586652599.277111,-11559307991.240519,6.310726661800288,0.36,0.406,0.234,-3.336214325707905,1317.02,"[[1, 0, 1, 0, 0, 0, 0, 1, 0, 1, 1, 1, 1, 0, 0, 0, 1, 0, 1, 1, 0, 0, 0, 1, 0], [0, 1, 1, 1, 1, 0, 0, 1, 0, 0, 0, 0, 1, 1, 0, 0, 0, 1, 1, 1, 0, 0, 1, 1, 1], [1, 1, 0, 1, 1, 0, 0, 0, 0, 0, 0, 1, 0, 1, 1, 1, 0, 1, 1, 1, 1, 1, 1, 0, 0], [1, 1, 0, 1, 1, 1, 1, 0, 0, 0, 1, 1, 0, 0, 0, 0, 0, 0, 1, 1, 1, 0, 1, 0, 1]]"
30,13,103,50,0.919091,12,0.638889,-12870512436.695688,-12871641729.248272,-29.67910432312068,27608329.607344456,27286437.380495045,0.425069198251231,1162633996.0364656,1174648159.0909665,36.821605303032214,-11586652599.277111,-11566960134.749624,6.31497785263868,0.473,0.193,0.334,-3.3752463108564026,1317.02,"[[0, 1, 1, 0, 0, 1, 0, 0, 0, 1, 1, 1, 1, 0, 0, 0, 1, 0, 0, 1, 1, 0, 0, 0, 1], [1, 1, 1, 0, 0, 0, 0, 1, 1, 0, 1, 0, 0, 0, 1, 1, 0, 1, 1, 0, 1, 0, 1, 1, 0], [1, 0, 1, 1, 0, 0, 0, 1, 0, 0, 1, 1, 0, 1, 1, 1, 1, 1, 1, 1, 0, 0, 0, 1, 0], [1, 1, 0, 1, 1, 1, 1, 0, 0, 0, 1, 1, 1, 0, 0, 0, 0, 0, 0, 1, 0, 0, 1, 1, 1]]"
31,13,103,50,0.919091,12,0.638889,-12870512436.695688,-12864417542.451445,-29.66104385612861,27608329.607344456,27345961.80573066,0.42611532171758626,1162633996.0364656,1165930799.5044038,36.53102665014679,-11586652599.277111,-11571479114.90117,6.317488397167317,0.262,0.574,0.164,-3.431414451215998,1317.02,"[[0, 0, 0, 1, 0, 0, 1, 1, 1, 1, 0, 1, 1, 1, 0, 1, 0, 1, 0, 1, 0, 0, 0, 0, 0], [0, 0, 1, 1, 0, 1, 1, 1, 0, 1, 0, 1, 0, 0, 1, 0, 1, 0, 1, 1, 0, 1, 0, 0, 1], [0, 1, 1, 0, 0, 0, 1, 0, 0, 1, 0, 0, 1, 1, 1, 1, 1, 1, 1, 0, 1, 1, 0, 0, 1], [1, 0, 0, 1, 1, 1, 1, 0, 1, 0, 0, 1, 0, 0, 1, 1, 0, 0, 1, 0, 0, 1, 1, 0, 1]]"
32,13,103,50,0.919091,12,0.638889,-12870512436.695688,-12857735386.60836,-29.6443384665209,27608329.607344456,26615645.106498584,0.41328023034268163,1162633996.0364656,1171654354.0601964,36.72181180200655,-11586652599.277111,-11567444187.809898,6.315246771005499,0.33,0.433,0.237,-3.3880935461669353,1317.02,"[[0, 1, 1, 0, 0, 0, 0, 1, 0, 1, 1, 1, 1, 0, 0, 0, 1, 0, 1, 1, 0, 0, 0, 1, 0], [0, 1, 1, 1, 0, 1, 0, 1, 0, 0, 0, 0, 1, 1, 0, 0, 0, 1, 1, 1, 0, 0, 1, 1, 1], [1, 1, 0, 1, 1, 0, 0, 0, 0, 0, 0, 1, 0, 1, 1, 1, 0, 1, 1, 1, 1, 1, 1, 0, 0], [1, 1, 0, 1, 1, 1, 1, 0, 0, 0, 1, 1, 0, 0, 0, 0, 0, 0, 1, 1, 1, 0, 1, 0, 1]]"
33,13,103,50,0.919091,12,0.638889,-12870512436.695688,-12858729546.668463,-29.646823866671156,27608329.607344456,26626415.22272636,0.4134695118229589,1162633996.0364656,1174764802.789165,36.8254934263055,-11586652599.277111,-11561684909.74591,6.312047172081061,0.44,0.232,0.328,-3.3662854314083877,1317.02,"[[0, 1, 1, 0, 0, 0, 0, 1, 0, 1, 1, 1, 1, 0, 0, 0, 1, 0, 1, 1, 0, 0, 0, 1, 0], [0, 1, 1, 1, 0, 1, 1, 0, 0, 0, 0, 0, 1, 1, 0, 0, 0, 1, 1, 1, 0, 0, 1, 1, 1], [1, 1, 0, 1, 1, 0, 0, 0, 0, 0, 0, 1, 0, 1, 1, 1, 0, 1, 1, 1, 1, 1, 0, 1, 0], [1, 1, 0, 1, 1, 1, 1, 0, 0, 0, 1, 1, 0, 0, 0, 0, 0, 0, 1, 1, 1, 0, 1, 0, 1]]"
34,13,103,50,0.919091,12,0.638889,-12870512436.695688,-12867381937.710253,-29.668454844275633,27608329.607344456,27035826.8056713,0.42066479447576977,1162633996.0364656,1174046517.2671616,36.80155057557205,-11586652599.277111,-11564293810.408533,6.313496561338074,0.379,0.342,0.279,-3.377187663010419,1317.02,"[[1, 0, 1, 0, 0, 0, 1, 0, 1, 0, 0, 0, 1, 1, 0, 0, 0, 1, 1, 1, 1, 0, 0, 0, 1], [1, 1, 0, 0, 0, 1, 1, 0, 1, 1, 1, 0, 0, 1, 1, 0, 0, 0, 1, 0, 0, 1, 1, 0, 1], [1, 1, 1, 0, 1, 0, 1, 1, 0, 0, 0, 0, 1, 0, 1, 1, 1, 0, 0, 1, 1, 1, 1, 0, 0], [0, 1, 1, 0, 1, 1, 1, 1, 0, 0, 0, 1, 0, 0, 0, 0, 0, 0, 1, 1, 1, 1, 1, 0, 1]]"
35,13,103,50,0.919091,12,0.638889,-12870512436.695688,-12867746410.37063,-29.669366025926575,27608329.607344456,27151013.86601222,0.42268917163466113,1162633996.0364656,1175021750.2383149,36.834058341277164,-11586652599.277111,-11563171702.732653,6.312873168184807,0.565,0.001,0.433,-3.36963725163171,1317.02,"[[0, 0, 1, 1, 0, 1, 0, 0, 0, 1, 1, 1, 1, 0, 1, 0, 1, 0, 0, 0, 1, 0, 0, 0, 1], [1, 1, 0, 1, 0, 0, 0, 1, 1, 0, 1, 0, 0, 0, 1, 1, 1, 1, 1, 0, 1, 0, 1, 0, 0], [0, 1, 1, 1, 1, 0, 0, 1, 1, 1, 1, 0, 0, 1, 0, 1, 0, 1, 0, 1, 1, 0, 0, 1, 0], [1, 0, 1, 1, 1, 1, 0, 0, 0, 0, 1, 1, 1, 0, 0, 0, 0, 0, 1, 1, 0, 1, 0, 1, 1]]"
36,13,103,50,0.919091,12,0.638889,-12870512436.695688,-12864437852.011639,-29.661094630029098,27608329.607344456,27656655.893582895,0.43157567475541114,1162633996.0364656,1169223077.236522,36.6407692412174,-11586652599.277111,-11571041266.976883,6.317245148320491,0.326,0.436,0.238,-3.405276599034913,1317.02,"[[0, 1, 1, 0, 0, 1, 0, 0, 1, 1, 0, 1, 0, 0, 0, 0, 1, 0, 0, 1, 1, 0, 1, 0, 1], [0, 0, 1, 0, 1, 0, 1, 1, 1, 1, 1, 0, 1, 0, 0, 0, 0, 0, 1, 1, 0, 1, 1, 0, 1], [0, 1, 1, 1, 1, 0, 0, 1, 0, 0, 0, 1, 0, 0, 1, 1, 1, 0, 0, 1, 1, 1, 1, 0, 1], [1, 0, 0, 1, 1, 1, 0, 0, 0, 1, 0, 1, 0, 0, 0, 0, 0, 0, 1, 1, 1, 1, 1, 1, 1]]"
37,13,103,50,0.919091,12,0.638889,-12870512436.695688,-12858720735.800758,-29.646801839501897,27608329.607344456,28129989.442773417,0.43989436630533246,1162633996.0364656,1164910889.6184874,36.49702965394958,-11586652599.277111,-11569607141.815964,6.31644841211998,0.136,0.768,0.096,-3.4279311165375095,1317.02,"[[1, 0, 0, 1, 0, 0, 1, 0, 1, 1, 0, 1, 1, 1, 0, 0, 0, 1, 0, 1, 0, 0, 0, 0, 1], [0, 1, 1, 1, 1, 1, 0, 0, 0, 1, 0, 1, 0, 0, 1, 0, 1, 0, 1, 1, 0, 1, 0, 0, 1], [0, 1, 1, 0, 0, 1, 0, 1, 1, 1, 0, 0, 0, 0, 1, 1, 1, 1, 1, 0, 1, 1, 0, 0, 1], [1, 0, 0, 1, 1, 1, 1, 0, 0, 0, 0, 0, 1, 0, 1, 0, 1, 0, 1, 0, 0, 1, 1, 1, 1]]"
38,13,103,50,0.919091,12,0.638889,-12870512436.695688,-12869262173.169956,-29.67315543292489,27608329.607344456,27427319.211944327,0.4275451531097421,1162633996.0364656,1163505512.0893157,36.45018373631052,-11586652599.277111,-11576812665.39733,6.320451480776294,0.294,0.472,0.234,-3.453298471461939,1317.02,"[[1, 0, 1, 1, 0, 0, 0, 1, 1, 1, 0, 1, 1, 0, 0, 0, 0, 1, 0, 0, 0, 0, 1, 0, 1], [0, 0, 0, 1, 1, 1, 1, 0, 0, 1, 0, 1, 1, 0, 1, 1, 1, 0, 1, 0, 1, 0, 0, 1, 0], [0, 1, 1, 0, 0, 0, 1, 0, 1, 0, 0, 0, 1, 0, 0, 1, 1, 1, 1, 1, 1, 1, 0, 1, 1], [1, 0, 0, 0, 1, 1, 0, 1, 0, 1, 1, 1, 0, 0, 0, 0, 1, 0, 1, 0, 1, 1, 0, 1, 1]]"
39,13,103,50,0.919091,12,0.638889,-12870512436.695688,-12866660733.406513,-29.666651833516283,27608329.607344456,25744709.870759074,0.3979738114368906,1162633996.0364656,1163246998.3456886,36.44156661152295,-11586652599.277111,-11581822971.12861,6.323234983960339,0.354,0.36,0.286,-3.4641459663323904,1317.02,"[[0, 0, 1, 0, 0, 0, 1, 1, 0, 0, 1, 1, 1, 1, 0, 1, 0, 1, 0, 1, 0, 0, 1, 0, 0], [0, 0, 1, 1, 0, 0, 1, 0, 0, 1, 0, 1, 1, 1, 1, 0, 0, 0, 1, 1, 0, 1, 0, 1, 1], [1, 1, 1, 0, 0, 1, 1, 0, 0, 1, 0, 0, 1, 0, 1, 1, 1, 1, 1, 0, 0, 1, 1, 0, 0], [1, 0, 0, 1, 1, 1, 1, 0, 1, 0, 0, 1, 0, 0, 1, 1, 0, 0, 1, 0, 0, 1, 0, 1, 1]]"
40,13,103,50,0.919091,12,0.638889,-12870512436.695688,-12866240172.947231,-29.665600432368077,27608329.607344456,26615982.622783713,0.4132861620875872,1162633996.0364656,1170026400.743004,36.66754669143347,-11586652599.277111,-11567870149.131,6.3154834161838895,0.227,0.593,0.18,-3.408288726579917,1317.02,"[[0, 0, 0, 1, 0, 0, 1, 1, 0, 1, 0, 1, 1, 1, 0, 1, 0, 1, 0, 1, 0, 0, 1, 0, 0], [0, 0, 1, 1, 0, 1, 1, 0, 0, 1, 0, 1, 1, 0, 1, 0, 1, 0, 1, 1, 0, 1, 0, 0, 1], [1, 1, 1, 0, 0, 0, 1, 0, 0, 1, 0, 0, 1, 1, 1, 1, 1, 1, 1, 0, 1, 1, 0, 0, 0], [1, 0, 0, 1, 1, 1, 1, 0, 1, 0, 0, 1, 0, 0, 1, 1, 0, 0, 1, 0, 0, 1, 0, 1, 1]]"
41,13,103,50,0.919091,12,0.638889,-12870512436.695688,-12870806396.82808,-29.6770159920702,27608329.607344456,26385567.480372734,0.4092366868255314,1162633996.0364656,1175380680.4773498,36.84602268257832,-11586652599.277111,-11567269594.0304,6.315149774461333,0.384,0.303,0.313,-3.3752412142396633,1317.02,"[[0, 1, 1, 0, 0, 0, 0, 0, 0, 1, 1, 1, 1, 0, 1, 0, 1, 0, 0, 1, 1, 0, 0, 0, 1], [1, 1, 1, 0, 0, 0, 0, 1, 1, 0, 1, 0, 0, 0, 1, 1, 0, 1, 1, 0, 1, 0, 1, 1, 0], [1, 0, 1, 1, 0, 0, 0, 1, 0, 0, 1, 0, 0, 1, 1, 1, 1, 1, 1, 1, 1, 0, 0, 1, 0], [1, 1, 0, 1, 1, 1, 1, 0, 0, 0, 1, 1, 1, 0, 0, 0, 0, 0, 0, 1, 0, 0, 1, 1, 1]]"
42,13,103,50,0.919091,12,0.638889,-12870512436.695688,-12871224327.635063,-29.67806081908766,27608329.607344456,27080404.70490168,0.4214482373444935,1162633996.0364656,1176198554.8909256,36.87328516303086,-11586652599.277111,-11570207214.970568,6.31678178609476,0.356,0.353,0.291,-3.36492896523251,1317.02,"[[1, 0, 1, 0, 0, 0, 1, 0, 1, 0, 0, 0, 1, 1, 0, 0, 0, 1, 1, 1, 1, 0, 0, 0, 1], [1, 1, 0, 0, 1, 0, 1, 0, 1, 1, 1, 0, 1, 0, 1, 0, 0, 0, 1, 0, 0, 1, 1, 0, 1], [1, 1, 1, 0, 1, 0, 1, 1, 0, 0, 0, 0, 1, 0, 1, 1, 1, 0, 0, 1, 1, 1, 1, 0, 0], [0, 1, 0, 1, 1, 1, 1, 1, 0, 0, 0, 1, 0, 0, 0, 0, 0, 0, 1, 1, 1, 1, 1, 0, 1]]"
43,13,103,50,0.919091,12,0.638889,-12870512436.695688,-12865616628.27469,-29.664041570686727,27608329.607344456,26464814.987119857,0.4106294373834773,1162633996.0364656,1164171991.365137,36.47239971217124,-11586652599.277111,-11580749000.637407,6.322638333687449,0.305,0.442,0.252,-3.4514498660308375,1317.02,"[[1, 0, 1, 0, 0, 0, 1, 0, 0, 1, 0, 1, 1, 1, 0, 0, 1, 0, 0, 1, 0, 1, 0, 0, 1], [0, 0, 1, 1, 1, 1, 1, 0, 0, 1, 0, 1, 0, 1, 1, 0, 0, 0, 1, 0, 0, 1, 1, 1, 0], [1, 1, 1, 0, 0, 0, 1, 0, 0, 0, 0, 1, 1, 0, 1, 1, 1, 1, 0, 1, 1, 1, 1, 0, 0], [0, 1, 1, 0, 1, 0, 0, 0, 1, 0, 0, 1, 0, 0, 1, 1, 0, 0, 1, 1, 1, 1, 1, 0, 1]]"
44,13,103,50,0.919091,12,0.638889,-12870512436.695688,-12866264439.011295,-29.66566109752824,27608329.607344456,26572166.503554195,0.4125161072680878,1162633996.0364656,1175936684.136785,36.86455613789283,-11586652599.277111,-11565613782.805212,6.314229879336229,0.388,0.288,0.324,-3.3654669292077255,1317.02,"[[0, 1, 1, 0, 0, 0, 1, 1, 0, 1, 1, 0, 1, 0, 0, 0, 1, 0, 1, 1, 0, 0, 0, 1, 0], [1, 1, 0, 0, 0, 1, 1, 1, 0, 0, 0, 0, 1, 1, 0, 0, 0, 1, 1, 1, 0, 0, 1, 1, 1], [1, 1, 0, 1, 1, 0, 0, 0, 0, 0, 0, 1, 0, 1, 1, 1, 0, 1, 1, 1, 1, 1, 0, 1, 0], [1, 1, 0, 1, 1, 1, 1, 0, 0, 0, 1, 1, 1, 0, 0, 0, 0, 0, 1, 1, 0, 0, 1, 0, 1]]"
45,13,103,50,0.919091,12,0.638889,-12870512436.695688,-12869068792.081034,-29.672671980202583,27608329.607344456,27558207.36059177,0.4298454720666392,1162633996.0364656,1168813397.1302607,36.62711323767536,-11586652599.277111,-11583043910.924482,6.3239132838469345,0.343,0.358,0.298,-3.413467056574383,1317.02,"[[0, 1, 1, 0, 0, 0, 1, 0, 1, 1, 0, 0, 0, 0, 0, 0, 1, 0, 1, 1, 1, 0, 1, 0, 1], [0, 0, 1, 0, 1, 0, 1, 1, 1, 1, 1, 0, 1, 0, 1, 0, 0, 0, 1, 0, 0, 1, 1, 0, 1], [0, 1, 0, 1, 1, 1, 0, 1, 0, 0, 0, 1, 0, 0, 1, 1, 1, 0, 0, 1, 1, 1, 1, 0, 1], [1, 0, 0, 1, 1, 1, 1, 0, 0, 1, 0, 1, 0, 0, 0, 0, 0, 0, 1, 1, 1, 1, 0, 1, 1]]"
46,13,103,50,0.919091,12,0.638889,-12870512436.695688,-12861736831.075762,-29.654342077689403,27608329.607344456,27937619.352426488,0.4365135211322757,1162633996.0364656,1172346198.2948732,36.744873276495774,-11586652599.277111,-11560588852.064934,6.311438251147186,0.315,0.411,0.275,-3.377916745103528,1317.02,"[[1, 0, 1, 1, 0, 0, 1, 1, 1, 1, 0, 1, 1, 0, 0, 0, 0, 1, 0, 0, 0, 0, 0, 0, 1], [0, 1, 1, 1, 1, 1, 0, 0, 0, 1, 0, 1, 0, 0, 1, 1, 1, 0, 1, 1, 0, 1, 0, 0, 0], [0, 1, 1, 0, 0, 1, 0, 0, 1, 1, 0, 0, 0, 0, 1, 1, 1, 1, 1, 1, 1, 1, 0, 0, 1], [1, 0, 0, 0, 1, 1, 1, 0, 0, 1, 0, 0, 1, 0, 1, 0, 1, 0, 1, 0, 1, 1, 0, 1, 1]]"
47,13,103,50,0.919091,12,0.638889,-12870512436.695688,-12864192799.076862,-29.660481997692155,27608329.607344456,27650181.63351163,0.4314618916258634,1162633996.0364656,1169504869.036357,36.6501623012119,-11586652599.277111,-11570097825.524897,6.316721014180498,0.42,0.213,0.367,-3.403024241289767,1317.02,"[[0, 1, 1, 0, 0, 1, 0, 0, 1, 1, 0, 1, 0, 0, 0, 0, 1, 0, 0, 1, 1, 0, 1, 0, 1], [0, 0, 1, 0, 1, 0, 1, 1, 1, 1, 1, 0, 1, 0, 0, 0, 0, 0, 1, 1, 0, 1, 1, 0, 1], [0, 1, 1, 1, 1, 0, 0, 0, 1, 0, 0, 1, 0, 0, 1, 1, 1, 0, 0, 1, 1, 1, 1, 0, 1], [1, 0, 0, 1, 1, 1, 0, 0, 0, 1, 0, 1, 0, 0, 0, 0, 0, 0, 1, 1, 1, 1, 1, 1, 1]]"
48,13,103,50,0.919091,12,0.638889,-12870512436.695688,-12866020076.634699,-29.665050191586747,27608329.607344456,26423708.07917756,0.4099069961191135,1162633996.0364656,1167248852.7469258,36.57496175823086,-11586652599.277111,-11577840942.560198,6.3210227458667765,0.328,0.369,0.304,-3.429664178367524,1317.02,"[[1, 0, 1, 0, 0, 0, 1, 0, 0, 1, 0, 1, 1, 1, 0, 0, 1, 0, 0, 1, 1, 0, 0, 0, 1], [0, 0, 1, 1, 1, 1, 1, 0, 0, 1, 0, 1, 0, 1, 1, 0, 0, 0, 1, 0, 0, 1, 1, 1, 0], [1, 1, 1, 0, 0, 0, 1, 0, 0, 0, 0, 1, 1, 0, 1, 1, 1, 1, 0, 1, 1, 1, 1, 0, 0], [0, 1, 1, 0, 1, 0, 0, 1, 0, 0, 0, 1, 0, 0, 1, 1, 0, 0, 1, 1, 1, 1, 1, 0, 1]]"
49,13,103,50,0.919091,12,0.638889,-12870512436.695688,-12865986938.307966,-29.664967345769917,27608329.607344456,26292625.080791157,0.40760325273798165,1162633996.0364656,1166603005.569001,36.5534335189667,-11586652599.277111,-11575195566.740078,6.3195530926333765,0.429,0.152,0.419,-3.4352426262272555,1317.02,"[[0, 0, 0, 0, 0, 0, 1, 1, 0, 1, 1, 1, 1, 1, 0, 1, 0, 1, 0, 1, 0, 0, 1, 0, 0], [0, 0, 1, 1, 0, 0, 1, 0, 0, 1, 0, 1, 1, 1, 1, 0, 1, 0, 1, 1, 0, 1, 0, 0, 1], [1, 1, 1, 0, 0, 1, 1, 0, 0, 1, 0, 0, 1, 0, 1, 1, 1, 1, 1, 0, 0, 1, 1, 0, 0], [1, 0, 0, 1, 1, 1, 1, 0, 1, 0, 0, 1, 0, 0, 1, 1, 0, 0, 1, 0, 0, 1, 0, 1, 1]]"
50,13,103,50,0.919091,12,0.638889,-12870512436.695688,-12866013971.473598,-29.665034928683998,27608329.607344456,26674017.671200346,0.4143061102144173,1162633996.0364656,1159706343.1816933,36.32354477272311,-11586652599.277111,-11590184211.594198,6.327880117552333,0.376,0.243,0.382,-3.483007275015675,1317.02,"[[1, 0, 1, 0, 0, 0, 1, 0, 0, 1, 0, 1, 1, 1, 0, 0, 0, 1, 0, 1, 0, 1, 0, 0, 1], [0, 0, 1, 1, 0, 1, 1, 0, 0, 1, 0, 1, 0, 1, 1, 0, 0, 0, 1, 1, 0, 1, 1, 0, 1], [1, 1, 1, 0, 0, 1, 1, 0, 0, 0, 0, 0, 1, 0, 1, 1, 1, 1, 0, 1, 1, 1, 1, 0, 0], [0, 1, 1, 0, 1, 0, 0, 0, 1, 0, 0, 1, 0, 0, 1, 1, 0, 0, 1, 1, 1, 1, 0, 1, 1]]"
51,13,103,50,0.919091,12,0.638889,-12870512436.695688,-12860230361.334587,-29.650575903336467,27608329.607344456,27358544.563152794,0.4263364598093637,1162633996.0364656,1163612641.7976434,36.453754726588116,-11586652599.277111,-11570461769.05862,6.316923205032567,0.331,0.32,0.349,-3.4441580102159186,1317.02,"[[0, 0, 0, 1, 0, 0, 1, 1, 1, 1, 0, 1, 1, 1, 0, 1, 0, 1, 0, 1, 0, 0, 0, 0, 0], [0, 0, 1, 1, 0, 1, 1, 1, 0, 1, 0, 1, 0, 0, 1, 0, 1, 0, 1, 1, 0, 1, 0, 0, 1], [0, 1, 1, 0, 0, 0, 1, 0, 0, 1, 0, 0, 1, 1, 1, 1, 1, 1, 1, 0, 1, 1, 0, 0, 1], [1, 0, 0, 1, 1, 1, 1, 0, 0, 0, 0, 1, 0, 0, 1, 1, 0, 0, 1, 0, 0, 1, 1, 1, 1]]"
52,13,103,50,0.919091,12,0.638889,-12870512436.695688,-12872403485.51196,-29.6810087137799,27608329.607344456,27151256.871443354,0.42269344238037526,1162633996.0364656,1176312465.6041834,36.87708218680611,-11586652599.277111,-11572042610.313637,6.317801450174243,0.472,0.062,0.466,-3.364765659091436,1317.02,"[[1, 0, 1, 0, 0, 0, 1, 0, 1, 0, 0, 0, 1, 1, 0, 0, 0, 1, 1, 1, 1, 0, 0, 0, 1], [1, 1, 0, 0, 0, 1, 1, 0, 1, 1, 1, 0, 1, 0, 1, 0, 0, 0, 1, 0, 0, 1, 1, 0, 1], [1, 1, 1, 0, 1, 0, 1, 1, 0, 0, 0, 0, 1, 0, 1, 1, 1, 0, 0, 1, 1, 1, 1, 0, 0], [0, 1, 0, 1, 1, 1, 1, 1, 0, 0, 0, 1, 0, 0, 0, 0, 0, 0, 1, 1, 1, 1, 1, 0, 1]]"
53,13,103,50,0.919091,12,0.638889,-12870512436.695688,-12867863599.914772,-29.66965899978693,27608329.607344456,27151165.209391873,0.4226918314480118,1162633996.0364656,1170555870.6769211,36.6851956892307,-11586652599.277111,-11564708658.380516,6.31372703243362,0.315,0.342,0.343,-3.40235169054189,1317.02,"[[0, 0, 1, 1, 0, 1, 0, 0, 0, 1, 1, 1, 1, 0, 1, 0, 1, 0, 0, 0, 1, 0, 0, 0, 1], [1, 1, 0, 1, 0, 0, 0, 1, 1, 0, 1, 0, 0, 0, 1, 1, 1, 1, 1, 0, 1, 0, 1, 0, 0], [0, 1, 1, 1, 0, 0, 0, 1, 1, 0, 1, 0, 1, 1, 0, 1, 1, 1, 0, 1, 1, 0, 0, 1, 0], [1, 0, 1, 0, 1, 1, 1, 0, 0, 0, 1, 1, 1, 0, 0, 0, 0, 0, 0, 1, 0, 1, 1, 1, 1]]"
54,13,103,50,0.919091,12,0.638889,-12870512436.695688,-12867663887.58545,-29.669159718963623,27608329.607344456,26318079.001769595,0.40805059757064316,1162633996.0364656,1173512683.9148324,36.78375613049441,-11586652599.277111,-11572791287.777386,6.318217382098547,0.162,0.617,0.221,-3.386267175081521,1317.02,"[[1, 0, 1, 0, 0, 0, 1, 0, 0, 1, 0, 1, 1, 1, 0, 0, 1, 0, 0, 1, 1, 0, 0, 0, 1], [0, 0, 1, 0, 1, 1, 1, 0, 1, 1, 0, 1, 0, 1, 1, 0, 0, 0, 1, 0, 0, 1, 1, 1, 0], [1, 1, 1, 0, 1, 0, 1, 0, 0, 0, 0, 1, 1, 0, 1, 1, 1, 0, 0, 1, 1, 1, 1, 0, 0], [0, 1, 1, 0, 1, 0, 0, 1, 0, 0, 0, 1, 0, 0, 1, 1, 0, 0, 1, 1, 1, 1, 1, 0, 1]]"
55,13,103,50,0.919091,12,0.638889,-12870512436.695688,-12866706892.373512,-29.666767230933782,27608329.607344456,26577541.722048372,0.41261057507993626,1162633996.0364656,1176146747.2333038,36.87155824111013,-11586652599.277111,-11567413601.642931,6.315229778690517,0.299,0.366,0.335,-3.3643292187858957,1317.02,"[[1, 0, 1, 0, 0, 0, 1, 0, 1, 0, 0, 1, 1, 1, 0, 0, 1, 0, 0, 1, 1, 0, 0, 0, 1], [0, 0, 1, 0, 1, 1, 1, 0, 1, 1, 0, 1, 0, 1, 1, 0, 0, 0, 1, 0, 0, 1, 1, 1, 0], [1, 1, 1, 0, 1, 0, 1, 0, 0, 0, 1, 0, 1, 0, 1, 1, 1, 0, 0, 1, 1, 1, 1, 0, 0], [0, 1, 1, 0, 1, 0, 0, 1, 0, 0, 0, 1, 0, 0, 1, 1, 0, 0, 1, 1, 1, 1, 1, 0, 1]]"
56,13,103,50,0.919091,12,0.638889,-12870512436.695688,-12869168734.053427,-29.672921835133568,27608329.607344456,27441414.670201704,0.42779287645345704,1162633996.0364656,1163682133.8820992,36.456071129403306,-11586652599.277111,-11580968742.236465,6.322760412353592,0.214,0.506,0.28,-3.4518214312575077,1317.02,"[[1, 0, 1, 1, 0, 0, 0, 1, 1, 1, 0, 1, 1, 0, 0, 0, 0, 1, 0, 0, 0, 0, 1, 0, 1], [0, 0, 0, 1, 1, 1, 1, 0, 0, 0, 0, 1, 1, 0, 1, 1, 1, 0, 1, 0, 1, 1, 0, 1, 0], [0, 1, 1, 0, 0, 0, 1, 1, 1, 0, 0, 0, 1, 0, 0, 1, 1, 0, 1, 1, 1, 1, 0, 1, 1], [1, 0, 0, 0, 1, 1, 0, 1, 0, 1, 1, 1, 0, 0, 0, 0, 1, 0, 1, 0, 1, 1, 0, 1, 1]]"
57,13,103,50,0.919091,12,0.638889,-12870512436.695688,-12868678642.0159,-29.67169660503975,27608329.607344456,27258260.882210873,0.4245740049597693,1162633996.0364656,1167666346.2494757,36.588878208315855,-11586652599.277111,-11576454794.356274,6.320252663531263,0.443,0.082,0.475,-3.423509757020021,1317.02,"[[1, 0, 1, 1, 0, 0, 0, 1, 1, 1, 0, 1, 1, 0, 0, 0, 0, 1, 0, 0, 0, 0, 1, 0, 1], [0, 0, 0, 1, 1, 1, 1, 0, 0, 1, 0, 1, 1, 0, 1, 1, 1, 0, 1, 0, 1, 1, 0, 0, 0], [0, 1, 1, 0, 0, 0, 1, 0, 0, 0, 0, 0, 1, 0, 1, 1, 1, 1, 1, 1, 1, 1, 0, 1, 1], [1, 0, 0, 0, 1, 1, 1, 0, 0, 1, 1, 1, 0, 0, 0, 0, 1, 0, 1, 0, 1, 1, 0, 1, 1]]"
58,13,103,50,0.919091,12,0.638889,-12870512436.695688,-12860683822.749012,-29.65170955687253,27608329.607344456,27991698.60377729,0.43746394734230737,1162633996.0364656,1169651036.6651525,36.65503455550508,-11586652599.277111,-11567314601.859663,6.315174778810924,0.349,0.254,0.397,-3.3961923935653875,1317.02,"[[1, 0, 1, 1, 0, 0, 1, 0, 1, 1, 0, 1, 1, 0, 0, 0, 0, 1, 0, 1, 0, 0, 0, 0, 1], [0, 1, 1, 1, 1, 1, 0, 0, 0, 1, 0, 1, 0, 0, 1, 0, 1, 0, 1, 1, 0, 1, 0, 0, 1], [0, 1, 0, 1, 0, 1, 0, 1, 1, 1, 0, 0, 0, 0, 1, 1, 1, 1, 1, 0, 1, 1, 0, 0, 1], [1, 0, 0, 0, 1, 1, 1, 0, 0, 0, 0, 0, 1, 0, 1, 0, 1, 0, 1, 0, 1, 1, 1, 1, 1]]"
59,13,103,50,0.919091,12,0.638889,-12870512436.695688,-12865113936.83771,-29.662784842094272,27608329.607344456,26609450.65749079,0.4131713648065165,1162633996.0364656,1167046424.6496336,36.568214154987785,-11586652599.277111,-11583559379.75982,6.324199655422123,0.22,0.485,0.294,-3.428986312406801,1317.02,"[[1, 0, 1, 0, 0, 0, 1, 0, 0, 1, 0, 1, 1, 1, 0, 0, 0, 1, 0, 1, 0, 1, 0, 0, 1], [0, 0, 1, 1, 0, 1, 1, 0, 1, 0, 0, 1, 0, 1, 1, 0, 0, 0, 1, 1, 0, 1, 1, 0, 1], [1, 1, 1, 0, 0, 1, 1, 0, 0, 0, 0, 0, 1, 0, 1, 1, 1, 1, 0, 1, 1, 1, 1, 0, 0], [0, 1, 0, 0, 1, 0, 0, 0, 1, 0, 1, 1, 0, 0, 1, 1, 0, 0, 1, 1, 1, 1, 0, 1, 1]]"
60,13,103,50,0.919091,12,0.638889,-12870512436.695688,-12860050606.174356,-29.65012651543589,27608329.607344456,27993377.645994928,0.437493455992881,1162633996.0364656,1167705546.7463725,36.590184891545746,-11586652599.277111,-11568680743.398602,6.315933746332556,0.326,0.287,0.387,-3.4097640219056835,1317.02,"[[1, 0, 1, 1, 0, 0, 1, 0, 1, 1, 0, 1, 1, 0, 0, 0, 0, 1, 0, 1, 0, 0, 0, 0, 1], [0, 1, 1, 1, 1, 1, 0, 0, 0, 1, 0, 1, 0, 0, 1, 0, 1, 0, 1, 1, 0, 1, 0, 0, 1], [0, 1, 1, 0, 0, 1, 0, 1, 1, 1, 0, 0, 0, 0, 1, 1, 1, 1, 1, 0, 1, 1, 0, 0, 1], [1, 0, 0, 1, 0, 1, 1, 0, 0, 0, 0, 0, 1, 0, 1, 0, 1, 0, 1, 0, 1, 1, 1, 1, 1]]"
61,13,103,50,0.919091,12,0.638889,-12870512436.695688,-12867420545.111044,-29.66855136277761,27608329.607344456,26492342.357437614,0.4111132224505732,1162633996.0364656,1173464148.3162642,36.78213827720881,-11586652599.277111,-11570209689.014761,6.316783160563756,0.3,0.336,0.364,-3.3851922566040447,1317.02,"[[1, 0, 1, 0, 0, 0, 1, 0, 1, 0, 0, 1, 1, 1, 0, 0, 1, 0, 0, 1, 1, 0, 0, 0, 1], [0, 0, 1, 0, 1, 1, 1, 0, 1, 1, 0, 1, 0, 1, 1, 0, 0, 0, 1, 0, 0, 1, 1, 0, 1], [1, 1, 1, 0, 1, 0, 1, 0, 0, 0, 1, 0, 1, 0, 1, 1, 1, 0, 0, 1, 1, 1, 1, 0, 0], [0, 1, 1, 0, 1, 0, 0, 1, 0, 0, 0, 1, 0, 0, 1, 1, 0, 0, 1, 1, 1, 1, 1, 0, 1]]"
62,13,103,50,0.919091,12,0.638889,-12870512436.695688,-12874755757.943655,-29.686889394859136,27608329.607344456,27392488.39640528,0.4269330122391086,1162633996.0364656,1175849186.5158195,36.86163955052732,-11586652599.277111,-11568454139.323421,6.315807855179679,0.346,0.252,0.402,-3.368797750063427,1317.02,"[[0, 1, 1, 0, 0, 1, 0, 0, 0, 1, 1, 1, 1, 0, 0, 0, 1, 0, 0, 1, 1, 0, 0, 0, 1], [1, 1, 0, 0, 0, 1, 0, 1, 1, 0, 1, 0, 0, 0, 1, 1, 0, 1, 1, 1, 0, 0, 1, 1, 0], [1, 0, 1, 1, 0, 0, 0, 1, 0, 0, 1, 0, 0, 1, 1, 1, 1, 1, 1, 1, 1, 0, 0, 1, 0], [1, 1, 0, 1, 1, 1, 1, 0, 0, 0, 1, 1, 1, 0, 0, 0, 0, 0, 1, 1, 0, 0, 1, 0, 1]]"
63,13,103,50,0.919091,12,0.638889,-12870512436.695688,-12858295595.954103,-29.64573898988526,27608329.607344456,25822351.89675989,0.3993383461644972,1162633996.0364656,1174438890.3970351,36.814629679901174,-11586652599.277111,-11567569261.245945,6.315316256247748,0.281,0.369,0.35,-3.3737374284887913,1317.02,"[[1, 0, 1, 0, 0, 0, 0, 1, 0, 1, 1, 1, 1, 0, 0, 0, 1, 0, 1, 1, 0, 0, 0, 1, 0], [0, 1, 1, 1, 0, 1, 0, 1, 0, 0, 0, 0, 1, 1, 0, 0, 0, 1, 1, 1, 0, 0, 1, 1, 1], [1, 1, 0, 1, 1, 0, 0, 0, 0, 0, 0, 1, 0, 1, 1, 1, 0, 1, 1, 1, 1, 1, 1, 0, 0], [1, 1, 0, 1, 1, 1, 1, 0, 0, 0, 1, 1, 0, 0, 0, 0, 0, 0, 1, 1, 1, 0, 1, 0, 1]]"
64,13,103,50,0.919091,12,0.638889,-12870512436.695688,-12867745173.25016,-29.669362933125402,27608329.607344456,27225021.721405964,0.4239898369315635,1162633996.0364656,1175785669.1099014,36.85952230366338,-11586652599.277111,-11560279671.400255,6.311266484111253,0.353,0.238,0.409,-3.363553475783373,1317.02,"[[0, 0, 1, 1, 0, 1, 0, 0, 0, 1, 1, 1, 1, 0, 1, 0, 1, 0, 0, 0, 1, 0, 0, 0, 1], [1, 1, 0, 1, 0, 0, 0, 1, 1, 0, 1, 0, 0, 0, 1, 1, 0, 1, 1, 0, 1, 0, 1, 1, 0], [0, 1, 1, 1, 0, 0, 0, 1, 1, 0, 1, 0, 0, 1, 0, 1, 1, 1, 1, 1, 1, 0, 0, 1, 0], [1, 0, 1, 0, 1, 1, 1, 0, 0, 0, 1, 1, 1, 0, 0, 0, 0, 0, 0, 1, 0, 1, 1, 1, 1]]"
65,13,103,50,0.919091,12,0.638889,-12870512436.695688,-12866693378.13419,-29.666733445335474,27608329.607344456,26628182.134997137,0.4135005647626913,1162633996.0364656,1177550345.8114526,36.91834486038175,-11586652599.277111,-11559696632.502415,6.3109425736124525,0.317,0.299,0.384,-3.3537235330098802,1317.02,"[[0, 0, 1, 1, 0, 0, 0, 0, 0, 1, 1, 1, 1, 0, 1, 0, 1, 0, 0, 0, 1, 1, 0, 0, 1], [1, 1, 0, 1, 0, 0, 0, 1, 1, 0, 1, 0, 0, 0, 1, 1, 0, 1, 1, 0, 1, 0, 1, 1, 0], [1, 0, 1, 1, 0, 0, 0, 1, 1, 0, 1, 0, 0, 1, 0, 1, 1, 1, 1, 1, 1, 0, 0, 1, 0], [1, 0, 1, 0, 1, 1, 1, 0, 0, 0, 1, 1, 1, 0, 0, 0, 0, 0, 0, 1, 0, 1, 1, 1, 1]]"
66,13,103,50,0.919091,12,0.638889,-12870512436.695688,-12866178411.76106,-29.665446029402652,27608329.607344456,26938596.239638954,0.41895599718170395,1162633996.0364656,1174423807.0421605,36.81412690140535,-11586652599.277111,-11568699743.220396,6.315944301789109,0.197,0.512,0.291,-3.3739217231849814,1317.02,"[[0, 1, 1, 0, 0, 0, 1, 1, 0, 1, 0, 1, 1, 0, 0, 0, 1, 0, 1, 1, 0, 0, 0, 1, 0], [1, 1, 0, 0, 0, 1, 1, 1, 0, 0, 0, 0, 0, 1, 1, 0, 0, 1, 1, 1, 0, 0, 1, 1, 1], [1, 1, 0, 1, 1, 0, 0, 0, 0, 0, 0, 1, 0, 1, 1, 1, 0, 1, 1, 1, 1, 1, 0, 1, 0], [1, 1, 0, 1, 1, 1, 1, 0, 0, 0, 1, 1, 1, 0, 0, 0, 0, 0, 1, 1, 0, 0, 1, 0, 1]]"
67,13,103,50,0.919091,12,0.638889,-12870512436.695688,-12873115393.546001,-29.682788483865004,27608329.607344456,27340455.377909698,0.4260185479421739,1162633996.0364656,1172827280.84636,36.76090936154533,-11586652599.277111,-11573029397.837065,6.318349665465036,0.409,0.11,0.481,-3.3896099318632835,1317.02,"[[0, 1, 1, 0, 0, 0, 1, 0, 0, 1, 0, 0, 0, 1, 0, 0, 0, 1, 1, 1, 1, 0, 1, 0, 1], [1, 1, 0, 0, 1, 0, 0, 1, 1, 1, 1, 0, 1, 0, 1, 0, 0, 0, 1, 0, 0, 1, 1, 0, 1], [1, 1, 1, 0, 1, 0, 1, 1, 0, 0, 0, 0, 1, 0, 1, 1, 1, 0, 0, 1, 1, 1, 1, 0, 0], [1, 0, 0, 1, 1, 1, 1, 1, 0, 0, 0, 1, 0, 0, 0, 0, 0, 0, 1, 1, 1, 1, 1, 0, 1]]"
68,13,103,50,0.919091,12,0.638889,-12870512436.695688,-12864962815.929153,-29.662407039822885,27608329.607344456,26003998.313432273,0.40253072607086593,1162633996.0364656,1168482485.6189797,36.61608285396599,-11586652599.277111,-11581980224.410988,6.323322346894993,0.248,0.4,0.353,-3.42249455511063,1317.02,"[[1, 0, 1, 0, 0, 0, 1, 1, 0, 1, 0, 1, 1, 1, 0, 0, 0, 1, 0, 1, 0, 1, 0, 0, 0], [0, 0, 1, 1, 0, 1, 1, 0, 1, 0, 0, 1, 0, 1, 1, 0, 0, 0, 1, 1, 0, 1, 1, 0, 1], [1, 1, 1, 0, 0, 1, 1, 0, 0, 0, 0, 0, 1, 0, 1, 1, 1, 1, 0, 1, 1, 1, 1, 0, 0], [0, 1, 0, 1, 1, 0, 0, 0, 1, 0, 0, 1, 0, 0, 1, 1, 0, 0, 1, 1, 1, 1, 0, 1, 1]]"
69,13,103,50,0.919091,12,0.638889,-12870512436.695688,-12868159409.406517,-29.670398523516294,27608329.607344456,27232127.334816318,0.4241147159018685,1162633996.0364656,1168347828.4865022,36.6115942828834,-11586652599.277111,-11576034211.934809,6.320019006630449,0.313,0.268,0.419,-3.418206050257581,1317.02,"[[1, 0, 1, 1, 0, 0, 0, 1, 1, 1, 0, 1, 1, 0, 0, 0, 0, 1, 0, 0, 0, 0, 1, 0, 1], [0, 0, 0, 1, 1, 1, 1, 0, 0, 1, 0, 1, 1, 0, 1, 1, 1, 0, 0, 1, 1, 1, 0, 0, 0], [0, 1, 1, 0, 0, 0, 1, 0, 0, 0, 0, 0, 1, 0, 1, 1, 1, 1, 1, 1, 1, 1, 0, 1, 1], [1, 0, 0, 0, 1, 1, 1, 0, 0, 1, 1, 1, 0, 0, 0, 0, 1, 0, 1, 0, 1, 1, 0, 1, 1]]"
70,13,103,50,0.919091,12,0.638889,-12870512436.695688,-12873259338.389359,-29.683148345973397,27608329.607344456,27758123.503519632,0.43335893679296367,1162633996.0364656,1171400851.5723102,36.71336171907701,-11586652599.277111,-11580584645.913069,6.32254702550726,0.324,0.247,0.429,-3.397308160385272,1317.02,"[[0, 1, 1, 0, 0, 0, 1, 0, 1, 1, 0, 0, 0, 0, 0, 0, 1, 0, 1, 1, 1, 0, 1, 0, 1], [0, 1, 0, 0, 1, 0, 1, 1, 1, 1, 1, 0, 1, 0, 1, 0, 0, 0, 1, 0, 0, 1, 1, 0, 1], [1, 1, 0, 1, 1, 1, 0, 1, 0, 0, 0, 1, 0, 0, 1, 1, 1, 0, 0, 1, 1, 1, 1, 0, 0], [1, 0, 0, 1, 1, 1, 1, 0, 0, 1, 0, 1, 0, 0, 0, 0, 0, 0, 1, 1, 1, 1, 0, 1, 1]]"
71,13,103,50,0.919091,12,0.638889,-12870512436.695688,-12865954711.71178,-29.664886779279453,27608329.607344456,27786887.049363,0.43386444726472756,1162633996.0364656,1169321806.9460006,36.64406023153335,-11586652599.277111,-11571263228.27966,6.317368460155366,0.222,0.433,0.345,-3.4051482700064835,1317.02,"[[1, 0, 1, 1, 0, 0, 1, 1, 1, 1, 0, 1, 1, 0, 0, 0, 0, 1, 0, 0, 0, 0, 0, 0, 1], [1, 1, 1, 0, 1, 1, 0, 0, 0, 1, 0, 1, 0, 0, 1, 1, 1, 0, 1, 1, 0, 1, 0, 0, 0], [0, 1, 1, 0, 0, 0, 0, 0, 1, 1, 0, 0, 1, 0, 1, 1, 1, 1, 1, 1, 1, 1, 0, 0, 1], [1, 0, 0, 1, 1, 1, 1, 0, 0, 1, 0, 0, 1, 0, 0, 0, 1, 0, 1, 0, 1, 1, 0, 1, 1]]"
72,13,103,50,0.919091,12,0.638889,-12870512436.695688,-12869635166.111357,-29.674087915278392,27608329.607344456,27270343.56327031,0.4247863543632744,1162633996.0364656,1168876418.2822464,36.62921394274154,-11586652599.277111,-11573397262.912619,6.318554034951455,0.259,0.365,0.377,-3.415528629566138,1317.02,"[[1, 0, 1, 1, 0, 0, 0, 1, 1, 1, 0, 1, 1, 0, 0, 0, 0, 1, 0, 0, 0, 0, 1, 0, 1], [0, 0, 0, 1, 1, 1, 1, 0, 0, 1, 0, 1, 1, 0, 1, 1, 1, 0, 1, 0, 1, 1, 0, 0, 0], [0, 1, 1, 0, 0, 0, 1, 0, 0, 0, 0, 0, 1, 0, 1, 1, 1, 1, 1, 1, 1, 1, 0, 1, 1], [1, 0, 0, 0, 1, 1, 0, 1, 0, 1, 1, 1, 0, 0, 0, 0, 1, 0, 1, 0, 1, 1, 0, 1, 1]]"
73,13,103,50,0.919091,12,0.638889,-12870512436.695688,-12871857907.19184,-29.6796447679796,27608329.607344456,27568804.916568168,0.4300317208535706,1162633996.0364656,1174152352.5976408,36.80507841992136,-11586652599.277111,-11569490116.575775,6.316383398097653,0.029,0.77,0.201,-3.377146590905207,1317.02,"[[0, 1, 1, 0, 0, 0, 1, 0, 0, 1, 0, 0, 1, 1, 0, 0, 0, 1, 1, 1, 1, 0, 0, 0, 1], [1, 1, 0, 0, 1, 0, 0, 1, 1, 1, 1, 0, 1, 0, 1, 0, 0, 0, 1, 0, 0, 1, 1, 0, 1], [1, 1, 1, 0, 1, 0, 1, 1, 0, 0, 0, 0, 1, 0, 1, 1, 1, 0, 0, 1, 1, 1, 1, 0, 0], [1, 0, 0, 1, 1, 1, 1, 1, 0, 0, 0, 1, 0, 0, 0, 0, 0, 0, 1, 1, 1, 1, 1, 0, 1]]"
74,13,103,50,0.919091,12,0.638889,-12870512436.695688,-12865702978.699596,-29.66425744674899,27608329.607344456,26430135.307338953,0.41001995267731023,1162633996.0364656,1170121228.4503775,36.67070761501258,-11586652599.277111,-11574650532.386702,6.31925029577039,0.425,0.042,0.533,-3.408341932399626,1317.02,"[[1, 0, 1, 0, 0, 0, 1, 0, 0, 1, 0, 1, 1, 1, 0, 0, 1, 0, 0, 1, 1, 0, 0, 0, 1], [0, 0, 1, 1, 1, 1, 1, 0, 0, 1, 0, 1, 0, 1, 1, 0, 0, 0, 1, 0, 0, 1, 1, 1, 0], [1, 1, 1, 0, 1, 0, 1, 0, 0, 0, 0, 1, 1, 0, 1, 1, 1, 0, 0, 1, 1, 1, 1, 0, 0], [0, 1, 1, 0, 1, 0, 0, 1, 0, 0, 0, 1, 0, 0, 1, 1, 0, 0, 1, 1, 1, 1, 1, 0, 1]]"
75,13,103,50,0.919091,12,0.638889,-12870512436.695688,-12867629688.326136,-29.66907422081534,27608329.607344456,27180019.180609696,0.42319893111792084,1162633996.0364656,1174347079.849988,36.81156932833293,-11586652599.277111,-11563335600.467546,6.312964222481971,0.306,0.256,0.437,-3.3742499532290164,1317.02,"[[0, 0, 1, 1, 0, 1, 0, 0, 0, 1, 1, 1, 1, 0, 1, 0, 1, 0, 0, 0, 1, 0, 0, 0, 1], [1, 1, 0, 1, 0, 0, 0, 1, 1, 0, 1, 0, 0, 0, 1, 1, 1, 1, 1, 0, 1, 0, 1, 0, 0], [0, 1, 1, 1, 1, 0, 0, 1, 1, 0, 1, 0, 0, 1, 0, 1, 1, 1, 0, 1, 1, 0, 0, 1, 0], [1, 0, 1, 0, 1, 1, 0, 0, 0, 0, 1, 1, 1, 0, 0, 0, 0, 0, 1, 1, 0, 1, 1, 1, 1]]"
76,13,103,50,0.919091,12,0.638889,-12870512436.695688,-12860591947.159983,-29.65147986789996,27608329.607344456,26054129.672064647,0.40341176928057376,1162633996.0364656,1161129324.7151191,36.37097749050397,-11586652599.277111,-11579713869.338945,6.3220632607438585,0.288,0.257,0.456,-3.471557379678372,1317.02,"[[1, 0, 1, 0, 0, 0, 1, 1, 0, 1, 0, 1, 1, 1, 0, 0, 0, 1, 0, 1, 0, 1, 0, 0, 0], [0, 0, 1, 1, 0, 1, 1, 0, 0, 1, 0, 1, 0, 1, 1, 0, 0, 0, 1, 1, 0, 1, 1, 0, 1], [1, 1, 1, 0, 0, 1, 1, 0, 0, 0, 0, 0, 1, 0, 1, 1, 1, 1, 0, 1, 1, 1, 1, 0, 0], [0, 1, 0, 1, 1, 1, 0, 0, 1, 0, 0, 1, 0, 0, 1, 1, 0, 0, 1, 1, 0, 1, 0, 1, 1]]"
77,13,103,50,0.919091,12,0.638889,-12870512436.695688,-12873871721.430597,-29.684679303576495,27608329.607344456,26814805.4553366,0.4167804122203269,1162633996.0364656,1175896925.564807,36.86323085216023,-11586652599.277111,-11571252246.647932,6.317362359248851,0.286,0.235,0.479,-3.3715344707216133,1317.02,"[[1, 0, 1, 0, 0, 0, 1, 0, 1, 0, 0, 0, 1, 1, 0, 0, 1, 1, 0, 1, 1, 0, 0, 0, 1], [0, 1, 0, 0, 1, 1, 1, 0, 1, 1, 1, 0, 0, 1, 1, 0, 0, 0, 1, 0, 0, 1, 1, 0, 1], [1, 1, 1, 0, 1, 0, 1, 0, 0, 0, 1, 0, 1, 0, 1, 1, 1, 0, 0, 1, 1, 1, 1, 0, 0], [0, 1, 1, 0, 1, 0, 0, 1, 0, 0, 0, 1, 0, 0, 1, 1, 0, 0, 1, 1, 1, 1, 1, 0, 1]]"
78,13,103,50,0.919091,12,0.638889,-12870512436.695688,-12865880583.204634,-29.664701458011585,27608329.607344456,25833960.115388587,0.39954235703670626,1162633996.0364656,1177621125.3638325,36.920704178794416,-11586652599.277111,-11560681452.337109,6.311489695742838,0.239,0.314,0.447,-3.3578420780392744,1317.02,"[[0, 0, 1, 0, 0, 0, 0, 0, 0, 1, 1, 1, 1, 0, 1, 0, 1, 0, 0, 1, 1, 1, 0, 0, 1], [1, 1, 0, 1, 0, 0, 0, 1, 1, 0, 1, 0, 0, 0, 1, 1, 0, 1, 1, 0, 1, 0, 1, 1, 0], [1, 0, 1, 1, 0, 0, 0, 1, 0, 0, 1, 0, 0, 1, 1, 1, 1, 1, 1, 1, 1, 0, 0, 1, 0], [1, 0, 1, 0, 1, 1, 1, 0, 0, 0, 1, 1, 1, 0, 0, 0, 0, 0, 0, 1, 0, 1, 1, 1, 1]]"
79,13,103,50,0.919091,12,0.638889,-12870512436.695688,-12867032990.766598,-29.667582476916493,27608329.607344456,26321991.123981006,0.4081193519153077,1162633996.0364656,1160530109.6774044,36.35100365591348,-11586652599.277111,-11581841250.919775,6.323245139399875,0.283,0.208,0.51,-3.4803965199342413,1317.02,"[[0, 0, 1, 0, 0, 0, 1, 1, 0, 1, 0, 1, 1, 1, 0, 1, 0, 1, 0, 1, 0, 1, 0, 0, 0], [0, 0, 1, 1, 0, 0, 1, 0, 0, 1, 0, 1, 1, 1, 1, 0, 0, 0, 1, 1, 0, 1, 0, 1, 1], [1, 1, 1, 0, 0, 1, 1, 0, 0, 1, 0, 0, 1, 0, 1, 1, 1, 1, 0, 1, 0, 1, 1, 0, 0], [1, 0, 0, 1, 1, 1, 1, 0, 1, 0, 0, 1, 0, 0, 1, 1, 0, 0, 1, 0, 0, 1, 0, 1, 1]]"
80,13,103,50,0.919091,12,0.638889,-12870512436.695688,-12865023717.605366,-29.662559294013413,27608329.607344456,27467014.432639368,0.4282427844049098,1162633996.0364656,1166119754.5401134,36.537325151337114,-11586652599.277111,-11568949228.777756,6.316082904876531,0.313,0.144,0.543,-3.4298000326829072,1317.02,"[[0, 1, 0, 1, 1, 0, 0, 1, 0, 1, 0, 1, 1, 0, 0, 0, 1, 0, 1, 1, 0, 0, 0, 1, 0], [0, 1, 1, 1, 0, 1, 0, 1, 0, 1, 0, 0, 1, 0, 0, 0, 0, 1, 1, 1, 0, 1, 1, 0, 1], [0, 1, 1, 1, 1, 0, 0, 0, 0, 0, 0, 1, 0, 0, 1, 1, 0, 1, 1, 1, 1, 1, 1, 0, 1], [1, 1, 0, 1, 1, 1, 1, 0, 0, 0, 1, 1, 0, 0, 0, 0, 0, 0, 1, 1, 1, 0, 1, 0, 1]]"
81,13,103,50,0.919091,12,0.638889,-12870512436.695688,-12858454712.42466,-29.64613678106165,27608329.607344456,28193246.702347882,0.44100609318713324,1162633996.0364656,1167811674.6933923,36.59372248977974,-11586652599.277111,-11566415990.87509,6.314675550486161,0.135,0.466,0.399,-3.406062885883548,1317.02,"[[0, 0, 0, 1, 0, 0, 1, 0, 1, 1, 0, 1, 1, 1, 0, 1, 0, 1, 0, 1, 0, 0, 0, 0, 1], [0, 1, 1, 1, 0, 1, 1, 0, 0, 1, 0, 1, 0, 0, 1, 0, 1, 0, 1, 1, 0, 1, 0, 0, 1], [0, 1, 1, 0, 0, 0, 0, 1, 1, 1, 0, 0, 1, 0, 1, 1, 1, 1, 1, 0, 1, 1, 0, 0, 1], [1, 0, 0, 1, 1, 1, 1, 0, 0, 0, 0, 0, 1, 0, 1, 0, 1, 0, 1, 0, 0, 1, 1, 1, 1]]"
82,13,103,50,0.919091,12,0.638889,-12870512436.695688,-12873535912.187042,-29.683839780467604,27608329.607344456,26928079.33439472,0.4187711658065856,1162633996.0364656,1173666445.8921537,36.78888152973846,-11586652599.277111,-11573596180.3528,6.318664544640445,0.121,0.483,0.396,-3.386714315651348,1317.02,"[[0, 1, 1, 0, 0, 0, 1, 1, 0, 1, 0, 1, 1, 0, 0, 0, 1, 0, 1, 1, 1, 0, 0, 0, 0], [1, 1, 0, 0, 0, 1, 1, 1, 1, 0, 0, 0, 0, 0, 1, 0, 0, 1, 1, 1, 0, 0, 1, 1, 1], [1, 1, 0, 1, 0, 0, 0, 0, 0, 0, 0, 1, 0, 1, 1, 1, 1, 1, 1, 1, 1, 1, 0, 1, 0], [1, 1, 1, 1, 1, 0, 1, 0, 0, 0, 1, 1, 1, 0, 0, 0, 0, 0, 1, 1, 0, 0, 1, 0, 1]]"
83,13,103,50,0.919091,12,0.638889,-12870512436.695688,-12874803575.961502,-29.687008939903755,27608329.607344456,27191634.03376356,0.42340305858986926,1162633996.0364656,1172694897.190827,36.75649657302756,-11586652599.277111,-11572122939.7885,6.317846077660278,0.092,0.518,0.39,-3.3932439562178747,1317.02,"[[0, 1, 1, 0, 0, 1, 0, 0, 0, 1, 1, 1, 1, 0, 0, 0, 1, 0, 0, 1, 1, 0, 0, 0, 1], [1, 1, 0, 0, 0, 1, 1, 1, 1, 0, 0, 0, 0, 0, 1, 1, 0, 1, 1, 1, 0, 0, 1, 0, 1], [1, 0, 1, 1, 0, 0, 0, 1, 0, 0, 1, 0, 0, 1, 1, 1, 1, 1, 1, 1, 1, 0, 0, 1, 0], [1, 1, 1, 1, 1, 0, 1, 0, 0, 0, 1, 1, 1, 0, 0, 0, 0, 0, 1, 1, 0, 0, 0, 1, 1]]"
84,13,103,50,0.919091,12,0.638889,-12870512436.695688,-12874665388.342714,-29.686663470856786,27608329.607344456,27789850.06203129,0.43391652130107716,1162633996.0364656,1171097348.3036132,36.703244943453775,-11586652599.277111,-11572130387.371517,6.3178502152063984,0.056,0.577,0.368,-3.400681247702508,1317.02,"[[0, 1, 1, 0, 0, 0, 1, 0, 1, 0, 0, 0, 1, 1, 0, 0, 0, 1, 1, 1, 1, 0, 0, 0, 1], [1, 1, 0, 0, 1, 0, 0, 1, 1, 1, 1, 0, 1, 0, 1, 0, 0, 0, 1, 0, 0, 1, 1, 0, 1], [1, 1, 1, 0, 1, 0, 1, 1, 0, 0, 0, 0, 1, 0, 1, 1, 1, 0, 0, 1, 1, 1, 1, 0, 0], [1, 0, 0, 1, 1, 1, 1, 1, 0, 0, 0, 1, 0, 0, 0, 0, 0, 1, 0, 1, 1, 1, 1, 0, 1]]"
85,13,103,50,0.919091,12,0.638889,-12870512436.695688,-12861296463.828667,-29.653241159571667,27608329.607344456,26709997.11961095,0.41493843795449825,1162633996.0364656,1179549086.3783636,36.984969545945454,-11586652599.277111,-11553596421.467072,6.3075535674817065,0.333,0.071,0.596,-3.333297910466168,1317.02,"[[0, 0, 1, 0, 0, 0, 0, 0, 0, 1, 1, 1, 1, 0, 1, 0, 1, 0, 1, 0, 1, 1, 0, 0, 1], [1, 1, 0, 1, 0, 0, 0, 1, 1, 0, 1, 0, 0, 0, 1, 1, 0, 1, 1, 0, 1, 0, 1, 1, 0], [1, 0, 1, 1, 0, 0, 0, 1, 0, 0, 1, 0, 0, 1, 1, 1, 1, 1, 1, 1, 1, 0, 0, 1, 0], [1, 0, 1, 0, 1, 1, 1, 0, 0, 0, 1, 1, 1, 0, 0, 0, 0, 0, 0, 1, 0, 1, 1, 1, 1]]"
86,13,103,50,0.919091,12,0.638889,-12870512436.695688,-12862886691.594467,-29.657216728986167,27608329.607344456,27614711.432331927,0.43083851374924304,1162633996.0364656,1164227732.9897947,36.47425776632649,-11586652599.277111,-11580478497.129063,6.3224880539605905,0.07,0.544,0.386,-3.440513108359635,1317.02,"[[0, 1, 1, 1, 1, 0, 0, 0, 1, 1, 0, 1, 0, 0, 0, 0, 1, 0, 0, 1, 0, 0, 1, 1, 0], [1, 0, 1, 0, 1, 0, 1, 1, 0, 1, 0, 0, 1, 0, 0, 0, 0, 1, 1, 1, 0, 1, 1, 0, 1], [0, 1, 1, 1, 1, 0, 0, 0, 1, 0, 0, 1, 0, 0, 1, 1, 1, 0, 0, 1, 1, 1, 1, 0, 1], [1, 0, 0, 1, 1, 1, 1, 0, 0, 1, 1, 1, 0, 0, 0, 0, 0, 0, 1, 1, 0, 0, 1, 1, 1]]"
87,13,103,50,0.919091,12,0.638889,-12870512436.695688,-12864159061.241508,-29.66039765310377,27608329.607344456,26209821.42826646,0.4061480040117128,1162633996.0364656,1171068844.0734832,36.702294802449444,-11586652599.277111,-11578277773.370174,6.321265429650097,0.094,0.49,0.415,-3.4014213470665897,1317.02,"[[0, 0, 1, 0, 0, 0, 1, 1, 0, 1, 0, 1, 1, 1, 0, 0, 0, 1, 0, 1, 0, 1, 0, 0, 1], [0, 0, 1, 1, 0, 1, 1, 0, 1, 0, 0, 1, 0, 1, 1, 0, 0, 0, 1, 1, 0, 1, 1, 0, 1], [1, 1, 1, 0, 0, 1, 1, 0, 0, 0, 0, 0, 1, 0, 1, 1, 1, 1, 0, 1, 1, 1, 1, 0, 0], [0, 1, 0, 1, 1, 0, 0, 0, 1, 0, 0, 1, 0, 0, 1, 1, 0, 0, 1, 1, 1, 1, 0, 1, 1]]"
88,13,103,50,0.919091,12,0.638889,-12870512436.695688,-12870500185.501085,-29.676250463752712,27608329.607344456,27086171.166749936,0.4215495811379602,1162633996.0364656,1173578228.5509205,36.78594095169735,-11586652599.277111,-11574400984.086603,6.319111657825891,0.1,0.481,0.419,-3.3833100758429246,1317.02,"[[1, 0, 1, 1, 0, 0, 0, 1, 1, 1, 0, 1, 1, 0, 0, 0, 0, 1, 0, 0, 0, 0, 1, 0, 1], [0, 1, 1, 0, 1, 1, 1, 0, 0, 1, 0, 1, 0, 0, 1, 1, 1, 0, 0, 1, 1, 1, 0, 0, 0], [0, 1, 1, 0, 0, 0, 1, 0, 1, 0, 0, 0, 1, 0, 1, 1, 1, 1, 1, 1, 1, 1, 0, 0, 1], [1, 0, 0, 1, 1, 1, 1, 0, 0, 1, 0, 0, 1, 0, 0, 0, 1, 0, 1, 0, 1, 1, 0, 1, 1]]"
89,13,103,50,0.919091,12,0.638889,-12870512436.695688,-12870526886.114622,-29.676317215286556,27608329.607344456,27616800.579018794,0.43087522985973276,1162633996.0364656,1164167867.2680328,36.47226224226776,-11586652599.277111,-11585558587.621593,6.3253103264564405,0.254,0.18,0.567,-3.448404135704969,1317.02,"[[0, 1, 1, 0, 0, 0, 1, 0, 1, 1, 0, 1, 0, 0, 0, 0, 1, 0, 0, 1, 1, 0, 1, 0, 1], [0, 0, 1, 0, 1, 0, 1, 1, 1, 1, 1, 0, 1, 0, 0, 0, 0, 0, 1, 0, 1, 1, 1, 0, 1], [1, 1, 1, 1, 1, 0, 0, 1, 0, 0, 0, 1, 0, 0, 1, 1, 1, 0, 0, 1, 1, 1, 1, 0, 0], [1, 0, 0, 1, 1, 1, 1, 0, 0, 1, 0, 1, 0, 0, 0, 0, 0, 0, 1, 1, 1, 1, 0, 1, 1]]"
90,13,103,50,0.919091,12,0.638889,-12870512436.695688,-12859850365.554384,-29.64962591388596,27608329.607344456,26145609.058449727,0.4050194913611551,1162633996.0364656,1161550376.9325604,36.38501256441868,-11586652599.277111,-11574398631.250603,6.319110350694779,0.17,0.322,0.508,-3.467133398582231,1317.02,"[[0, 0, 1, 0, 0, 0, 1, 1, 0, 1, 0, 1, 1, 1, 0, 1, 0, 1, 0, 1, 0, 1, 0, 0, 0], [0, 0, 1, 1, 0, 1, 1, 0, 0, 1, 0, 1, 0, 1, 1, 0, 0, 0, 1, 1, 0, 1, 1, 0, 1], [1, 1, 1, 0, 0, 1, 1, 0, 0, 0, 0, 0, 1, 0, 1, 1, 1, 1, 0, 1, 1, 1, 1, 0, 0], [1, 0, 0, 1, 1, 1, 0, 0, 1, 0, 0, 1, 0, 0, 1, 1, 0, 0, 1, 1, 0, 1, 0, 1, 1]]"
91,13,103,50,0.919091,12,0.638889,-12870512436.695688,-12874583598.402527,-29.686458996006316,27608329.607344456,27383853.068165764,0.42678124900115577,1162633996.0364656,1174269805.9687142,36.80899353229047,-11586652599.277111,-11569768321.915123,6.316537956619513,0.089,0.461,0.45,-3.3802179780054065,1317.02,"[[0, 1, 1, 0, 0, 1, 0, 0, 0, 1, 1, 1, 1, 0, 0, 0, 1, 0, 0, 1, 1, 0, 0, 0, 1], [1, 1, 0, 0, 0, 1, 0, 1, 1, 0, 1, 0, 0, 0, 1, 1, 0, 1, 1, 1, 0, 0, 1, 1, 0], [1, 0, 1, 1, 0, 0, 0, 1, 0, 0, 1, 0, 0, 1, 1, 1, 1, 1, 1, 1, 0, 1, 0, 1, 0], [1, 1, 0, 1, 1, 1, 1, 0, 0, 0, 1, 1, 1, 0, 0, 0, 0, 0, 1, 1, 0, 0, 1, 0, 1]]"
92,13,103,50,0.919091,12,0.638889,-12870512436.695688,-12866021183.771387,-29.66505295942847,27608329.607344456,26057015.764137257,0.40346249146111174,1162633996.0364656,1162822287.8508294,36.42740959502765,-11586652599.277111,-11585700343.96435,6.325389079980194,0.088,0.449,0.463,-3.4644860966471036,1317.02,"[[1, 0, 1, 0, 0, 0, 1, 1, 0, 1, 0, 1, 1, 1, 0, 0, 0, 1, 0, 1, 0, 1, 0, 0, 0], [0, 0, 1, 1, 0, 1, 1, 0, 0, 1, 0, 1, 0, 1, 1, 0, 0, 0, 1, 1, 0, 1, 1, 0, 1], [1, 1, 1, 0, 0, 1, 1, 0, 0, 0, 0, 0, 1, 0, 1, 1, 1, 1, 0, 1, 1, 1, 1, 0, 0], [0, 1, 0, 1, 1, 0, 0, 0, 1, 0, 0, 1, 0, 0, 1, 1, 0, 0, 1, 1, 1, 1, 0, 1, 1]]"
93,13,103,50,0.919091,12,0.638889,-12870512436.695688,-12868275935.846083,-29.670689839615207,27608329.607344456,27053370.576361194,0.4209731208499331,1162633996.0364656,1175954346.0292583,36.865144867641945,-11586652599.277111,-11567837487.937677,6.315465271076487,0.062,0.498,0.441,-3.364014457265336,1317.02,"[[1, 0, 1, 0, 0, 0, 1, 0, 1, 0, 0, 0, 1, 1, 0, 0, 0, 1, 1, 1, 1, 0, 0, 0, 1], [1, 1, 0, 0, 1, 0, 1, 0, 1, 1, 1, 0, 1, 0, 1, 0, 0, 0, 1, 0, 0, 1, 1, 0, 1], [1, 1, 1, 0, 1, 0, 1, 1, 0, 0, 0, 0, 1, 0, 1, 1, 1, 0, 0, 1, 1, 1, 1, 0, 0], [1, 0, 0, 1, 1, 1, 1, 1, 0, 0, 0, 1, 0, 0, 0, 0, 0, 0, 1, 1, 1, 1, 1, 0, 1]]"
94,13,103,50,0.919091,12,0.638889,-12870512436.695688,-12870018406.186775,-29.67504601546694,27608329.607344456,27614268.805349726,0.4308307347161639,1162633996.0364656,1162783520.9936504,36.42611736645502,-11586652599.277111,-11587017816.67456,6.326121009263645,0.212,0.167,0.62,-3.4580301329893377,1317.02,"[[0, 1, 1, 0, 0, 0, 1, 0, 1, 1, 0, 1, 0, 0, 0, 0, 1, 0, 0, 1, 1, 0, 1, 0, 1], [0, 0, 1, 0, 1, 0, 1, 1, 1, 1, 1, 0, 1, 0, 0, 0, 0, 0, 1, 0, 1, 1, 1, 0, 1], [0, 1, 1, 1, 1, 0, 0, 1, 0, 0, 0, 1, 0, 0, 1, 1, 1, 0, 0, 1, 1, 1, 1, 0, 1], [1, 0, 0, 1, 1, 1, 1, 0, 0, 1, 0, 1, 0, 0, 0, 0, 0, 0, 1, 1, 1, 1, 0, 1, 1]]"
95,13,103,50,0.919091,12,0.638889,-12870512436.695688,-12871068864.625095,-29.67767216156274,27608329.607344456,27099586.283919282,0.4217853476962967,1162633996.0364656,1173929983.6173837,36.79766612057946,-11586652599.277111,-11569717310.580204,6.316509616989002,0.08,0.414,0.506,-3.381206434510272,1317.02,"[[1, 0, 1, 0, 0, 0, 1, 0, 1, 0, 0, 0, 1, 1, 0, 0, 0, 1, 1, 1, 1, 0, 0, 0, 1], [0, 1, 0, 0, 1, 1, 1, 0, 1, 1, 1, 0, 0, 1, 1, 0, 0, 0, 1, 0, 0, 1, 1, 0, 1], [1, 1, 1, 0, 1, 0, 1, 1, 0, 0, 0, 0, 1, 0, 1, 1, 1, 0, 0, 1, 1, 1, 1, 0, 0], [0, 1, 1, 0, 1, 0, 1, 1, 0, 0, 0, 1, 0, 0, 0, 1, 0, 0, 1, 1, 1, 1, 1, 0, 1]]"
96,13,103,50,0.919091,12,0.638889,-12870512436.695688,-12866181389.668161,-29.665453474170402,27608329.607344456,26662468.108195774,0.4141031301967623,1162633996.0364656,1161911315.9064744,36.39704386354914,-11586652599.277111,-11589755619.08365,6.327642010602028,0.113,0.338,0.549,-3.467153584636825,1317.02,"[[1, 0, 1, 0, 0, 0, 1, 0, 0, 1, 0, 1, 1, 1, 0, 0, 0, 1, 0, 1, 0, 1, 0, 0, 1], [0, 0, 1, 1, 0, 1, 1, 0, 0, 1, 0, 1, 0, 1, 1, 0, 0, 0, 1, 1, 0, 1, 1, 0, 1], [1, 1, 1, 0, 0, 1, 1, 0, 0, 0, 0, 0, 1, 0, 1, 1, 1, 1, 0, 1, 1, 1, 1, 0, 0], [0, 1, 0, 0, 1, 0, 0, 0, 1, 0, 1, 1, 0, 0, 1, 1, 0, 0, 1, 1, 1, 1, 0, 1, 1]]"
97,13,103,50,0.919091,12,0.638889,-12870512436.695688,-12875946756.966208,-29.68986689241552,27608329.607344456,27183740.838188257,0.4232643381052418,1162633996.0364656,1175718605.3054001,36.857286843513336,-11586652599.277111,-11565417269.29186,6.314120705162145,0.107,0.342,0.551,-3.372342308682109,1317.02,"[[0, 1, 1, 0, 0, 1, 0, 0, 0, 1, 1, 1, 1, 0, 0, 0, 1, 0, 0, 1, 1, 0, 0, 0, 1], [1, 1, 0, 0, 0, 1, 1, 1, 1, 0, 0, 0, 0, 0, 1, 1, 0, 1, 1, 1, 0, 0, 1, 0, 1], [1, 0, 1, 1, 0, 0, 0, 1, 0, 0, 0, 1, 0, 1, 1, 1, 1, 1, 1, 1, 1, 0, 0, 1, 0], [1, 1, 1, 1, 1, 0, 1, 0, 0, 0, 1, 1, 1, 0, 0, 0, 0, 0, 1, 1, 0, 0, 1, 0, 1]]"
98,13,103,50,0.919091,12,0.638889,-12870512436.695688,-12862798190.623415,-29.65699547655854,27608329.607344456,27675099.7372354,0.43189981963506857,1162633996.0364656,1166661301.9497983,36.55537673165995,-11586652599.277111,-11571536683.02121,6.317520379456227,0.092,0.357,0.552,-3.4222486972628197,1317.02,"[[0, 1, 1, 0, 0, 1, 0, 0, 1, 1, 0, 1, 0, 0, 0, 0, 1, 0, 0, 1, 0, 1, 1, 0, 1], [0, 0, 1, 0, 1, 0, 1, 1, 1, 1, 1, 0, 1, 0, 0, 0, 0, 0, 1, 1, 0, 1, 1, 0, 1], [0, 1, 1, 1, 1, 0, 0, 0, 1, 0, 0, 0, 1, 0, 1, 1, 1, 0, 0, 1, 1, 1, 1, 0, 1], [1, 0, 0, 1, 1, 1, 0, 0, 0, 1, 0, 1, 0, 0, 0, 0, 0, 0, 1, 1, 1, 1, 1, 1, 1]]"
99,13,103,50,0.919091,12,0.638889,-12870512436.695688,-12872166568.734615,-29.68041642183654,27608329.607344456,26741570.76744567,0.4154933351044933,1162633996.0364656,1170458640.6144147,36.681954687147154,-11586652599.277111,-11574941141.094275,6.319411745052375,0.051,0.43,0.519,-3.4100678370972126,1317.02,"[[0, 1, 0, 1, 1, 0, 0, 1, 0, 1, 0, 1, 1, 0, 0, 0, 1, 0, 0, 1, 0, 0, 1, 1, 0], [0, 1, 1, 0, 1, 0, 1, 1, 0, 1, 0, 0, 1, 0, 0, 0, 0, 1, 1, 1, 0, 1, 1, 0, 1], [0, 1, 1, 1, 1, 0, 0, 0, 1, 0, 0, 1, 0, 0, 1, 1, 1, 0, 0, 1, 1, 1, 1, 0, 1], [1, 1, 0, 1, 1, 1, 1, 0, 0, 1, 1, 1, 0, 0, 0, 0, 0, 0, 1, 1, 0, 0, 1, 0, 1]]"
100,13,103,50,0.919091,12,0.638889,-12870512436.695688,-12858575139.76906,-29.64643784942265,27608329.607344456,26275000.831305824,0.4072935119737403,1162633996.0364656,1157992453.7577488,36.2664151252583,-11586652599.277111,-11576721555.00312,6.320400863890622,0.275,0.007,0.718,-3.4909751105349045,1317.02,"[[0, 0, 1, 0, 0, 0, 1, 1, 0, 1, 0, 1, 1, 1, 0, 1, 0, 1, 0, 1, 0, 1, 0, 0, 0], [0, 0, 1, 1, 0, 1, 1, 0, 0, 1, 0, 1, 0, 1, 1, 0, 0, 0, 1, 1, 0, 1, 0, 1, 1], [1, 1, 1, 0, 0, 1, 1, 0, 0, 0, 0, 0, 1, 0, 1, 1, 1, 1, 0, 1, 1, 1, 1, 0, 0], [1, 0, 0, 1, 1, 1, 0, 0, 1, 0, 0, 1, 0, 0, 1, 1, 0, 0, 1, 1, 0, 1, 0, 1, 1]]"
101,13,103,50,0.919091,12,0.638889,-12870512436.695688,-12860803483.192034,-29.652008707980084,27608329.607344456,27995802.73479894,0.4375360761827582,1162633996.0364656,1166823871.8074756,36.56079572691585,-11586652599.277111,-11569990142.559132,6.3166611903106284,0.146,0.239,0.615,-3.4169196069905503,1317.02,"[[1, 0, 1, 1, 0, 0, 1, 0, 1, 1, 0, 1, 1, 0, 0, 0, 0, 1, 0, 1, 0, 0, 0, 0, 1], [0, 1, 1, 1, 1, 1, 0, 0, 0, 1, 0, 1, 0, 0, 1, 0, 1, 0, 1, 1, 0, 1, 0, 0, 1], [0, 1, 1, 0, 0, 1, 0, 1, 1, 1, 0, 0, 0, 0, 1, 1, 1, 1, 1, 0, 1, 1, 0, 0, 1], [1, 0, 0, 0, 1, 1, 1, 0, 0, 0, 0, 0, 1, 0, 1, 0, 1, 0, 1, 0, 1, 1, 1, 1, 1]]"
102,13,103,50,0.919091,12,0.638889,-12870512436.695688,-12866503443.984879,-29.666258609962195,27608329.607344456,27836872.46255348,0.43474292552818067,1162633996.0364656,1167252120.8404977,36.575070694683255,-11586652599.277111,-11576378614.176775,6.32021034120932,0.068,0.368,0.564,-3.4204516363291244,1317.02,"[[0, 1, 1, 1, 1, 0, 0, 0, 1, 1, 0, 1, 0, 0, 0, 0, 1, 0, 0, 1, 0, 0, 1, 0, 1], [1, 0, 1, 0, 1, 0, 1, 1, 0, 1, 1, 0, 1, 0, 0, 0, 0, 0, 1, 1, 0, 1, 1, 0, 1], [0, 1, 1, 1, 1, 0, 0, 0, 1, 0, 0, 1, 0, 0, 1, 1, 1, 0, 0, 1, 1, 1, 1, 0, 1], [1, 0, 0, 1, 1, 1, 1, 0, 0, 1, 0, 1, 0, 0, 0, 0, 0, 0, 1, 1, 1, 0, 1, 1, 1]]"
103,13,103,50,0.919091,12,0.638889,-12870512436.695688,-12869616174.960276,-29.674040437400688,27608329.607344456,25606007.375088073,0.39553615773441253,1162633996.0364656,1176195921.7210526,36.873197390701755,-11586652599.277111,-11565565403.16467,6.314203001758151,0.266,0.008,0.726,-3.3734560171012973,1317.02,"[[0, 0, 1, 0, 0, 0, 0, 0, 0, 1, 1, 1, 1, 0, 1, 0, 1, 0, 0, 1, 1, 1, 0, 0, 1], [1, 1, 1, 0, 0, 0, 0, 1, 1, 0, 1, 0, 0, 0, 1, 1, 0, 1, 1, 0, 1, 0, 1, 1, 0], [1, 0, 1, 1, 0, 0, 0, 1, 0, 0, 1, 0, 0, 1, 1, 1, 1, 1, 1, 1, 1, 0, 0, 1, 0], [1, 1, 0, 0, 1, 1, 1, 0, 0, 0, 1, 1, 1, 0, 0, 0, 0, 0, 0, 1, 0, 1, 1, 1, 1]]"
104,13,103,50,0.919091,12,0.638889,-12870512436.695688,-12872228637.608133,-29.680571594020332,27608329.607344456,27342699.531510178,0.426057988251497,1162633996.0364656,1175915379.7567909,36.86384599189303,-11586652599.277111,-11570245674.49249,6.316803152495829,0.145,0.203,0.652,-3.3661846636075445,1317.02,"[[0, 1, 1, 0, 0, 0, 1, 0, 0, 1, 0, 0, 0, 1, 0, 0, 0, 1, 1, 1, 1, 0, 1, 0, 1], [1, 1, 0, 0, 1, 0, 0, 1, 1, 1, 1, 0, 1, 0, 1, 0, 0, 0, 1, 0, 0, 1, 1, 0, 1], [1, 1, 0, 1, 1, 0, 1, 1, 0, 0, 0, 1, 0, 0, 1, 1, 1, 0, 0, 1, 1, 1, 1, 0, 0], [1, 0, 0, 1, 1, 1, 1, 1, 0, 0, 0, 1, 0, 0, 0, 0, 0, 0, 1, 1, 1, 1, 1, 0, 1]]"
105,13,103,50,0.919091,12,0.638889,-12870512436.695688,-12860730461.245764,-29.65182615311441,27608329.607344456,27934965.216815043,0.43646687551520286,1162633996.0364656,1172217942.5491457,36.74059808497152,-11586652599.277111,-11565681898.466627,6.314267721370348,0.001,0.442,0.557,-3.3778874306835576,1317.02,"[[1, 0, 1, 1, 0, 0, 1, 0, 1, 1, 0, 1, 1, 0, 0, 0, 0, 1, 0, 1, 0, 0, 0, 0, 1], [0, 1, 1, 1, 1, 1, 0, 0, 0, 1, 0, 1, 0, 0, 1, 0, 1, 0, 1, 1, 0, 1, 0, 0, 1], [0, 1, 0, 1, 0, 1, 0, 0, 1, 1, 0, 0, 0, 0, 1, 1, 1, 1, 1, 1, 1, 1, 0, 0, 1], [1, 0, 0, 0, 1, 1, 1, 0, 0, 0, 0, 0, 1, 0, 1, 0, 1, 0, 1, 0, 1, 1, 1, 1, 1]]"
106,13,103,50,0.919091,12,0.638889,-12870512436.695688,-12868104514.867266,-29.670261287168163,27608329.607344456,26569916.55565053,0.4124765651256683,1162633996.0364656,1168675939.4587615,36.62253131529205,-11586652599.277111,-11577873534.40821,6.321040852449006,0.221,0.033,0.747,-3.4202844213999093,1317.02,"[[0, 1, 1, 1, 1, 0, 0, 1, 0, 1, 0, 1, 0, 0, 0, 0, 1, 0, 0, 1, 0, 0, 1, 1, 0], [0, 1, 1, 0, 1, 0, 1, 1, 0, 1, 0, 0, 1, 0, 0, 0, 0, 1, 1, 1, 0, 1, 1, 0, 1], [0, 1, 1, 1, 1, 0, 0, 0, 1, 0, 0, 1, 0, 0, 1, 1, 1, 0, 0, 1, 1, 1, 1, 0, 1], [1, 0, 0, 1, 1, 1, 1, 0, 0, 1, 1, 1, 0, 0, 0, 0, 0, 0, 1, 1, 0, 0, 1, 1, 1]]"
107,13,103,50,0.919091,12,0.638889,-12870512436.695688,-12861751900.95281,-29.654379752382027,27608329.607344456,27089213.68690511,0.42160305249393865,1162633996.0364656,1171514468.2993767,36.71714894331256,-11586652599.277111,-11560959623.973494,6.31164423554083,0.201,0.061,0.738,-3.3898032771757816,1317.02,"[[0, 1, 0, 1, 0, 0, 0, 1, 0, 1, 1, 1, 1, 0, 0, 0, 1, 0, 1, 1, 0, 0, 0, 1, 0], [0, 1, 1, 1, 0, 1, 0, 1, 0, 1, 0, 0, 1, 0, 0, 0, 0, 1, 1, 1, 0, 0, 1, 1, 1], [0, 1, 0, 1, 1, 0, 0, 0, 0, 0, 0, 1, 0, 1, 1, 1, 0, 1, 1, 1, 1, 1, 1, 0, 1], [1, 1, 0, 1, 1, 1, 1, 0, 0, 0, 1, 1, 0, 0, 0, 0, 0, 0, 1, 1, 1, 0, 1, 0, 1]]"
108,13,103,50,0.919091,12,0.638889,-12870512436.695688,-12867070622.117508,-29.66767655529377,27608329.607344456,27469537.883168645,0.4282871332718567,1162633996.0364656,1161741836.40826,36.391394546942,-11586652599.277111,-11581683194.232635,6.323157330129242,0.006,0.375,0.619,-3.4637424324968134,1317.02,"[[1, 0, 1, 1, 0, 0, 0, 1, 1, 1, 0, 1, 1, 0, 0, 0, 0, 1, 0, 0, 0, 0, 1, 0, 1], [0, 0, 0, 1, 1, 1, 1, 0, 0, 0, 0, 1, 1, 0, 1, 1, 1, 0, 1, 0, 1, 1, 0, 1, 0], [0, 1, 1, 0, 0, 0, 1, 1, 1, 0, 0, 0, 1, 0, 0, 1, 1, 0, 1, 1, 1, 1, 0, 1, 1], [1, 0, 0, 0, 1, 1, 0, 1, 0, 1, 1, 1, 0, 0, 0, 1, 0, 0, 1, 0, 1, 1, 0, 1, 1]]"
