tabu size,T,Tf,alpha,K,initial Z1,optimized Z1,normalized optimized Z1,initila Z2,optimized Z2,normalized optimized Z2,initila Z3,optimized Z3,normalized optimized Z3,initila multi objective value,optimized multi objective value,normalized optimized multi objective value,optimization running time
5,50,1,0.9,11,1358673831.6646764,1364836403.9272714,1.2703271921454573,19808600.526634954,30641523.56215361,5.871695287569278,62468776.659056924,63240536.33211812,1.3379731833940942,1307058604.2619104,1302220597.9914708,3.488897010042646,9.31
5,50,1,0.9,16,1389819935.4431646,1301201100.7686696,1.3975977984626609,24126459.612811226,23212878.00647726,7.3574243987045485,67386634.78394136,55721197.27748706,1.713940136125647,1334041894.2165902,1248539840.0592108,3.757300799703946,10.35
5,50,1,0.9,22,1397767876.4918678,1330343579.1477327,1.3393128417045346,21459723.359539136,20636478.195740014,7.872704360851997,70729363.01472136,59392312.61043868,1.5303843694780659,1346005807.9866557,1280821967.4852185,3.5958901625739075,12.14
5,50,1,0.95,11,1384729520.7756462,1345710360.4987385,1.308579279002523,29039267.860437006,28403061.47782811,6.319387704434377,67932795.06419826,61446120.49478146,1.4276939752609272,1324035345.624452,1287338680.8194337,3.5633065959028314,12.18
5,50,1,0.95,16,1401356906.6840055,1367867980.8463697,1.2642640383072605,26839685.141643047,26168143.46267819,6.766371307464361,67126689.40155888,59290711.27898391,1.5354644360508043,1343262228.2895114,1313121121.0921702,3.4343943945391486,13.4
5,50,1,0.95,22,1365135656.7466455,1322853966.774369,1.354292066451262,21790449.46657319,21040044.119666215,7.791991176066756,65966462.45038153,57941454.56142808,1.602927271928596,1310638176.5832229,1273060292.7794166,3.6346985361029174,17.29
5,50,1,0.99,11,1371359237.162638,1305236474.130075,1.3895270517398501,26098753.594876047,25257917.492265046,6.9484165015469905,65090874.59195694,55986253.94961676,1.700687302519162,1314413205.166882,1249900767.6693904,3.750496161653048,25.99
5,50,1,0.99,16,1358243969.1839895,1351222313.6909363,1.2975553726181273,18635630.14780028,17679062.511107508,8.464187497778498,66156743.17637124,60766324.24224436,1.4616837878877817,1308746406.0942163,1305082786.6845646,3.474586066577177,30.51
5,50,1,0.99,22,1359308065.8646114,1299921530.7961814,1.400156938407637,25261798.923701484,24681137.32328232,7.063772535343537,65962991.04639024,57865657.12943359,1.6067171435283207,1304233270.2034957,1246986731.9034524,3.765066340482738,33.53
5,50,20,0.9,11,1359716894.4036107,1347972851.8520992,1.3040542962958017,25558377.056480017,24907982.13792723,7.018403572414553,65814163.29277466,63234554.15682294,1.3382722921588528,1303667208.0878296,1292491526.4562092,3.537542367718954,2.89
5,50,20,0.9,16,1400156887.1350176,1293111081.0055954,1.413777837988809,24396869.520778906,23626784.623929292,7.274643075214142,68319746.2953863,55694844.223906405,1.7152577888046798,1341642840.666538,1240247020.046106,3.7987648997694694,4.48
5,50,20,0.9,22,1404418040.2163196,1331184760.197539,1.3376304796049219,23078074.648849495,22409853.115791004,7.518029376841798,67568726.54877485,58229676.60580418,1.588516169709791,1351340400.6092873,1279296645.7231965,3.6035167713840175,5.61
5,50,20,0.95,11,1387652970.9448588,1323604207.145712,1.3527915857085762,27258639.341475997,26486272.47880207,6.702745504239586,70377260.07810597,54970914.468199,1.75145427659005,1325479016.4203386,1266863337.7068598,3.665683311465701,4.3
5,50,20,0.95,16,1385874641.1637087,1321235570.5794218,1.3575288588411565,25951052.520109665,25317999.48843109,6.936400102313782,67741253.4910183,56573481.74634246,1.671325912682877,1326423998.0021791,1267250186.968294,3.6637490651585303,6.44
5,50,20,0.95,22,1371592191.0598555,1369556628.0138562,1.2608867439722877,31327582.345410123,30450234.5598525,5.9099530880295,69458278.60903423,62010712.33110938,1.3994643834445308,1309755169.1274543,1310991915.3381693,3.445040423309153,7.52
5,50,20,0.99,11,1371699840.8575516,1302982561.9408815,1.394034876118237,28499064.607980516,27648507.955749337,6.470298408850133,68890516.25921582,60385784.29850019,1.4807107850749905,1310180791.0220394,1243694634.2187293,3.7815268289063537,13.32
5,50,20,0.99,16,1404079306.6632648,1356927259.6959672,1.2861454806080657,25953372.451598432,25233969.94874298,6.953206010251404,68661471.81983973,63776115.59142924,1.311194220428538,1347468925.1988811,1298062900.6187773,3.5096854969061138,15.95
5,50,20,0.99,22,1390096679.6054475,1308627819.2485363,1.3827443615029273,20638852.153780743,20151694.969573732,7.969661006085253,68082560.0242425,60002625.0983238,1.49986874508381,1335475112.0219798,1255895372.8182006,3.720523135908997,19.65
5,50,50,0.9,11,1370417938.8393245,1370417938.8393245,1.259164122321351,21252497.55408204,21252497.55408204,7.749500489183593,69169998.65278068,69169998.65278068,1.041500067360966,1320112183.5649781,1320112183.5649781,3.3994390821751095,0.02
5,50,50,0.9,16,1360560506.1163065,1360560506.1163065,1.278878987767387,24988813.542117026,24988813.542117026,7.002237291576594,66737341.75970062,66737341.75970062,1.1631329120149692,1303804856.5846581,1303804856.5846581,3.480975717076709,0.02
5,50,50,0.9,22,1359058275.6306114,1359058275.6306114,1.2818834487387771,21488157.29108465,21488157.29108465,7.702368541783071,66119709.84332993,66119709.84332993,1.1940145078335036,1306458658.0031698,1306458658.0031698,3.467706709984151,0.02
5,50,50,0.95,11,1385963546.396997,1385963546.396997,1.2280729072060061,27247279.784930732,27247279.784930732,6.550544043013853,66849775.17556495,66849775.17556495,1.1575112412217523,1327601658.337309,1327601658.337309,3.3619917083134556,0.02
5,50,50,0.95,16,1366363525.6828315,1366363525.6828315,1.267272948634337,25263899.399063017,25263899.399063017,6.947220120187396,65351176.711735666,65351176.711735666,1.2324411644132167,1307480200.396946,1307480200.396946,3.4625989980152703,0.02
5,50,50,0.95,22,1383826103.0290203,1383826103.0290203,1.2323477939419594,31297009.28512725,31297009.28512725,5.74059814297455,73451739.13462485,73451739.13462485,0.8274130432687573,1318421104.6564956,1318421104.6564956,3.407894476717522,0.02
5,50,50,0.99,11,1383529880.090346,1383529880.090346,1.232940239819308,23233700.99235871,23233700.99235871,7.3532598015282575,66334148.73365111,66334148.73365111,1.1832925633174445,1329760475.2163422,1329760475.2163422,3.351197623918289,0.02
5,50,50,0.99,16,1393875342.6723204,1393875342.6723204,1.2122493146553592,21971142.734240767,21971142.734240767,7.605771453151846,70814591.51679476,70814591.51679476,0.9592704241602622,1344012566.8113792,1344012566.8113792,3.279937165943104,0.02
5,50,50,0.99,22,1406871392.120644,1406871392.120644,1.186257215758712,22873469.931611836,22873469.931611836,7.425306013677633,65400913.02273475,65400913.02273475,1.2299543488632627,1355054991.264114,1355054991.264114,3.2247250436794306,0.02
5,200,1,0.9,11,1382675531.4390786,1302688733.2492127,1.3946225335015745,24521850.111962672,23840019.925840408,7.2319960148319185,68392868.0746657,60384958.1694066,1.48075209152967,1327796938.19847,1246766054.2140312,3.7661697289298437,9.64
5,200,1,0.9,16,1368897888.088794,1349998214.5889635,1.300003570822073,32425649.709933165,31588972.34119206,5.682205531761588,65002145.34994901,58112266.665741816,1.5943866667129092,1304228947.2848735,1288455621.6622767,3.557721891688616,11.52
5,200,1,0.9,22,1360714914.9413173,1361872371.4943423,1.2762552570113153,16728761.823244166,24018538.425004117,7.196292314999177,66037528.34385213,60611264.637438215,1.4694367681280893,1317928756.1282656,1310986137.6584754,3.445069311707623,14.05
5,200,1,0.95,11,1374303299.5147963,1341207649.1478896,1.3175847017042208,22469812.769254897,21714161.59919096,7.657167680161807,66103880.70258131,57654659.22023271,1.6172670389883645,1319964870.7509587,1289091545.3799236,3.554542273100382,14.56
5,200,1,0.95,16,1367113287.9016953,1368059361.1313293,1.2638812777373414,20106207.4976361,19477432.22337924,8.104513555324152,67692230.63421409,62779232.02675392,1.361038398662304,1317597645.0616798,1320613838.0512762,3.396930809743619,17.3
5,200,1,0.95,22,1378091058.3798616,1347506551.0824206,1.3049868978351589,29274792.734236863,28576449.53392317,6.284710093215366,67536600.30764312,61002604.65360262,1.4498697673198688,1312908684.7759545,1288606000.022453,3.5569699998877344,19.9
5,200,1,0.99,11,1386901429.228815,1301405411.2217891,1.3971891775564218,21947492.44947235,21289412.54062022,7.742117491875955,66882575.86761581,56900604.57519277,1.6549697712403615,1332987296.2204242,1251621150.2749732,3.741894248625134,29.62
5,200,1,0.99,16,1388632031.2125394,1361416685.1805012,1.2771666296389976,27696218.80195778,26963143.690846458,6.607371261830709,69313105.36510834,60271960.25143747,1.4864019874281265,1332231573.822148,1303385151.2812672,3.483074243593664,34.44
5,200,1,0.99,22,1370143892.8015711,1340993427.770555,1.31801314445889,21593828.67530307,20791949.422963846,7.8416101154072315,65812491.56738204,61856473.650903985,1.4071763174548007,1315990245.8992276,1286925483.7937455,3.5653725810312724,38.28
5,200,20,0.9,11,1352392088.077386,1341894773.7778964,1.316210452444207,16167605.91408547,21587696.51581901,7.6824606968361975,61157967.42321103,61488990.50435548,1.4255504747822259,1304410881.5560403,1290779709.7932506,3.5461014510337474,6.0
5,200,20,0.9,16,1397784435.593412,1339148602.221054,1.321702795557892,22320144.360510807,21462757.278513562,7.707448544297287,69456455.85689497,61590239.755135484,1.4204880122432257,1342122279.4161608,1287362388.5843408,3.563188057078296,6.93
5,200,20,0.9,22,1364694199.4546783,1363622719.0507693,1.2727545618984613,29283150.93920019,28427857.69649118,6.314428460701763,65839962.978473045,57433728.70648006,1.6283135646759967,1306128590.1568122,1305650534.0322645,3.471747329838678,9.92
5,200,20,0.95,11,1356958205.35453,1388788111.199533,1.2224237776009341,28755044.86099269,27969313.55353521,6.406137289292958,65383463.49780983,55558271.16878518,1.722086441560741,1298326857.1623292,1333792893.8556755,3.3310355307216226,8.5
5,200,20,0.95,16,1368008827.4624994,1295506873.381096,1.4089862532378081,23251581.466067664,22428265.957194548,7.51434680856109,68604583.85474613,60637767.031295136,1.4681116484352432,1314024614.4997537,1240653414.233253,3.796732928833735,10.46
5,200,20,0.95,22,1383562610.319318,1331665829.1362655,1.336668341727469,27590019.022909593,26839054.52067003,6.632189095865994,67140086.19405682,59134650.991564944,1.5432674504217527,1324275943.807347,1273855219.421918,3.6307239028904106,13.58
5,200,20,0.99,11,1377577491.5257947,1373663966.1446316,1.2526720677107368,25364067.43488107,24586819.356830418,7.082636128633917,70072949.66841912,64291301.99687685,1.2854349001561574,1320998584.465527,1317896899.3057425,3.4105155034712875,21.46
5,200,20,0.99,16,1363726649.5053697,1316715226.862992,1.366569546274016,27645110.03155474,26996511.06455243,6.600697787089514,66063274.97967749,58434240.33690068,1.5782879831549659,1304464579.9984472,1259569298.5775292,3.702153507112354,23.49
5,200,20,0.99,22,1358307423.9364178,1346688174.4004016,1.3066236511991969,16885589.040897734,23395922.6754274,7.32081546491452,63634278.61311712,59487169.10891616,1.5256415445541918,1310044878.4028707,1294114611.0457513,3.5294269447712434,29.57
5,200,50,0.9,11,1379657298.4804168,1326767505.7577736,1.3464649884844526,34743233.90275439,33951444.586473025,5.209711082705395,68618862.68253954,61289871.53730782,1.4355064231346089,1315341536.3058958,1264103931.422676,3.6794803428866194,3.98
5,200,50,0.9,16,1385989372.063413,1337658770.4198208,1.3246824591603585,22938383.43959111,22325502.537195805,7.5348994925608395,70618332.4320708,62870470.232427195,1.3564764883786402,1330907104.1091611,1284600731.0818028,3.576996344590986,5.79
5,200,50,0.9,22,1376314270.3935966,1325626552.552563,1.3487468948948742,30921802.281779233,30041722.660768975,5.991655467846205,67144265.52209961,61316816.968830645,1.4341591515584677,1312415668.0822203,1263364129.30985,3.68317935345075,6.47
5,200,50,0.95,11,1364907875.7474256,1309648373.912815,1.3807032521743698,19647273.741999056,18741800.399524193,8.25163992009516,66189128.245965965,57491648.3943366,1.6254175802831698,1314286039.7586205,1261136071.30477,3.69431964347615,5.83
5,200,50,0.95,16,1360002979.990673,1302797475.7458904,1.3944050485082193,26378638.865203563,26310802.905268896,6.737839418946222,63475471.29209965,58362755.53784919,1.5818622231075405,1302636101.1946244,1246273189.2689507,3.7686340536552465,7.51
5,200,50,0.95,22,1400467888.003533,1309871565.0068595,1.380256869986281,26482605.85436021,25719929.133226212,6.856014173354757,70817909.936189,58645553.9630022,1.56772230184989,1342832393.8633296,1253588541.6716805,3.7320572916415977,10.31
5,200,50,0.99,11,1404673000.8343353,1327629716.8502262,1.3447405662995477,22012295.559448767,21129551.594679188,7.7740896810641615,68421134.91423404,59684196.357492216,1.5157901821253892,1350956635.4464095,1274251986.0616798,3.628740069691601,16.15
5,200,50,0.99,16,1362646634.8788671,1355462108.8630402,1.2890757822739196,29526862.633381,28581574.940700717,6.283685011859856,69793985.28792457,65937300.27272257,1.2031349863638714,1302505392.232927,1294207548.5228138,3.528962257385931,21.18
5,200,50,0.99,22,1375944565.2713232,1323605696.8450987,1.3527886063098025,23241057.353304934,22254175.699252196,7.549164860149561,64376345.50297544,56156562.44666448,1.6921718776667758,1324428575.741451,1272311120.7095797,3.6384443964521016,21.5
5,300,1,0.9,11,1399052703.0437036,1325252635.1300728,1.3494947297398543,27092082.62315631,26441795.39012347,6.711640921975306,69242087.32244506,57794250.906746455,1.6102874546626773,1336526617.7260127,1269475183.2158768,3.652624083920616,9.57
5,300,1,0.9,16,1363298982.1356294,1329572004.3267732,1.3408559913464537,30959663.365712922,30153332.41068104,5.9693335178637925,65961816.24850882,62439308.57502132,1.3780345712489341,1304345335.9272132,1265828890.67748,3.6708555466126,13.27
5,300,1,0.9,22,1361433972.6158798,1360278572.1022797,1.2794428557954407,15468696.0305687,21546854.051946715,7.690629189610657,61332618.3274689,62358350.92615273,1.3820824536923635,1316134420.5146968,1307212720.7300096,3.4639363963499523,16.07
5,300,1,0.95,11,1372809203.3566775,1340580967.1448293,1.3188380657103413,23634209.173770316,22995007.858265467,7.400998428346907,64098051.38302761,60468783.96251359,1.4765608018743206,1314724440.6992025,1286444451.0057254,3.567777744971373,15.38
5,300,1,0.95,16,1368515338.916346,1356403169.2262003,1.2871936615475994,24061025.664635457,23235760.52399436,7.352847895201129,67613159.96729973,61043525.63884535,1.4478237180577327,1314088827.3674881,1304386168.2136066,3.478069158931967,18.99
5,300,1,0.95,22,1388956438.8614156,1289736660.648841,1.4205266787023183,29672220.978697103,29369376.936810635,6.126124612637873,69814084.61713047,60227660.873144135,1.4886169563427933,1326427619.5234654,1231915390.433432,3.8404230478328394,25.94
5,300,1,0.99,11,1392228929.5181482,1331477197.54901,1.3370456049019799,19552840.175835457,18717838.46255718,8.256432307488563,69768260.68056291,58186926.056342594,1.5906536971828702,1340074382.5458279,1282048769.6638834,3.5897561516805827,29.19
5,300,1,0.99,16,1376828027.6478517,1349295364.0447593,1.3014092719104815,24015721.6776006,23429397.49496144,7.314120501007712,66608543.10317432,57903672.67997321,1.6048163660013397,1321481917.602807,1297249801.087176,3.5137509945641194,33.32
5,300,1,0.99,22,1375525744.683429,1350446197.3313792,1.2991076053372417,28944043.806325607,28246354.14742367,6.350729170515266,64808529.72267605,61311401.05882667,1.4344299470586666,1317247404.0560262,1292335525.8738568,3.5383223706307163,40.26
5,300,20,0.9,11,1390082660.0674021,1337770094.6722836,1.3244598106554326,18231797.38551208,17584564.676671598,8.483087064665682,70077243.12966856,60200037.570628345,1.4899981214685827,1340639370.8400548,1289828245.1662936,3.550858774168532,6.44
5,300,20,0.9,16,1367051420.7393808,1330339280.493087,1.339321439013826,23573805.65008123,22784786.542396065,7.443042691520787,65783426.306071594,59361654.79885161,1.5319172600574196,1314137246.7317054,1277880901.8786623,3.610595490606688,7.91
5,300,20,0.9,22,1398238086.9603333,1332755201.6375897,1.3344895967248207,28039271.119175475,27337595.54317555,6.53248089136489,71743174.69183877,61869307.60344185,1.4065346198279076,1339084011.994327,1273175532.4760668,3.634122337619666,9.17
5,300,20,0.95,11,1386408059.9266946,1353662883.5400856,1.2926742329198289,28442317.93312477,27767516.99003637,6.446496601992727,66784767.98899226,60319907.29659353,1.4840046351703233,1324906794.648559,1294458373.5372796,3.527708132313602,9.38
5,300,20,0.95,16,1379192202.4346366,1335642376.5458562,1.3287152469082875,26328046.69680131,25532592.56071539,6.8934814878569215,67619422.25736935,56958330.13080562,1.652083493459719,1323952250.6305346,1283662129.2972062,3.581689353513969,11.41
5,300,20,0.95,22,1412345829.7078629,1326253663.420525,1.3474926731589498,20283743.117021564,19503740.9207707,8.099251815845859,69854199.34767355,57751980.082048185,1.6124009958975907,1360575368.719612,1279050495.31314,3.6047475234343005,14.01
5,300,20,0.99,11,1393874802.5472617,1377983859.3448548,1.2440322813102904,23026353.595487066,22176646.05340989,7.564670789318022,66108203.65224251,58271479.14359153,1.5864260428204235,1341216511.3576603,1327789968.860165,3.3610501556991745,22.01
5,300,20,0.99,16,1388362070.2835007,1347924858.5748038,1.3041502828503924,28303670.496090263,27488585.646140296,6.502282870771941,66728199.08041884,59232701.68899013,1.5383649155504935,1326157133.564552,1288392459.562686,3.5580377021865703,29.76
5,300,20,0.99,22,1376773634.57587,1359841034.0167372,1.2803179319665257,30957220.83869476,30186474.23623017,5.9627051527539665,68894729.37043843,64687182.823672846,1.2656408588163577,1313380438.3247774,1296830766.730955,3.5158461663452254,28.82
5,300,50,0.9,11,1368574236.9638078,1376891439.7806756,1.2462171204386487,25490640.741910573,24799308.287715934,7.040138342456813,68443539.79483667,61038949.76346937,1.4480525118265315,1311450105.282511,1321756529.434541,3.391217352827295,5.04
5,300,50,0.9,16,1347716449.252793,1341876411.1911561,1.3162471776176876,20860825.629148595,20113124.10383273,7.977375179233454,66382099.215204194,61614097.522421196,1.4192951238789402,1292974778.912465,1288139479.2998586,3.559302603500707,6.32
5,300,50,0.9,22,1407533169.680627,1343118531.7383354,1.3137629365233292,23321513.630458225,22671770.061879016,7.465645987624197,66852681.242930874,55708448.59139,1.7145775704305,1352037274.8483799,1293476255.0722885,3.5326187246385574,6.95
5,300,50,0.95,11,1371813125.5631678,1353352815.2793198,1.2932943694413606,19790516.715800438,18979408.223987777,8.204118355202445,67291628.39464009,57757390.8042798,1.6121304597860102,1322391086.2233405,1304742476.3585203,3.4762876182073987,7.51
5,300,50,0.95,16,1376724676.896323,1274012128.4523025,1.451975743095395,24509598.729279656,23685255.390228573,7.262948921954286,67066984.980394036,54152558.54949354,1.7923720725253232,1320484308.2930117,1220634908.53636,3.8968254573182,9.22
5,300,50,0.95,22,1374940894.0637777,1358570664.719825,1.28285867056035,20544043.12124048,19711714.52139695,8.05765709572061,67485255.43198052,62493423.734164,1.3753288132918,1318508631.639506,1305016489.839953,3.4749175508002352,10.53
5,300,50,0.99,11,1377653150.104014,1344497061.298688,1.311005877402624,27676690.84589728,26988950.524866655,6.602209895026669,65354770.4974702,58331026.020383686,1.5834486989808156,1316618501.997105,1285872705.9984577,3.570636470007712,18.12
5,300,50,0.99,16,1404169128.531019,1374602560.4023933,1.2507948791952133,21820280.757685557,21228547.609124333,7.754290478175133,66229249.872476794,57475140.31351681,1.6262429843241595,1352459864.783027,1325012369.1978893,3.3749381540105534,21.82
5,300,50,0.99,22,1413117617.6587055,1295767396.2052147,1.4084652075895705,31246053.455305733,30556617.490012795,5.888676501997441,68679023.26422895,56702894.089928426,1.6648552955035787,1349609246.581587,1236149047.9268398,3.819254760365801,29.89
7,50,1,0.9,11,1380454744.3079839,1343212162.3311675,1.313575675337665,23289145.002364524,23287153.90556459,7.342569218887082,65580268.22640942,62556094.5587664,1.37219527206168,1326706632.1130188,1291692499.286469,3.541537503567655,8.34
7,50,1,0.9,16,1398356574.3418899,1327817433.4697633,1.3443651330604733,23141956.269983545,22485482.038514785,7.502903592297043,65529424.75922154,54543822.9113886,1.77280885443057,1346000137.1081924,1278844580.8693428,3.605777095653286,10.41
7,50,1,0.9,22,1346633639.9761765,1331138785.110191,1.3377224297796177,26972314.392581947,26272524.0646327,6.74549518707346,66166989.680962704,59971479.56882443,1.5014260215587785,1286792961.9828165,1272001814.628509,3.639990926857455,11.13
7,50,1,0.95,11,1413516250.4168983,1358347189.706225,1.2833056205875502,27657095.664445553,26927831.738450494,6.614433652309901,68733640.5440686,61447182.12382537,1.4276408938087315,1354323164.6641974,1300956269.895983,3.4952186505200853,12.56
7,50,1,0.95,16,1384234332.1546876,1333119623.8408167,1.3337607523183665,22414899.205774132,21618020.658641435,7.676395868271713,66340078.119238585,59977059.48353822,1.501147025823089,1329685377.9342246,1282677179.4115815,3.5866141029420926,14.43
7,50,1,0.95,22,1359362044.7098417,1317301056.2819028,1.3653978874361945,24541495.80226527,23819362.39469055,7.236127521061889,68143182.72348396,61497059.9903617,1.4251470004819151,1303191255.1034346,1264634236.6709437,3.676828816645281,17.65
7,50,1,0.99,11,1350460483.249592,1339963400.161526,1.3200731996769481,23058700.09137532,22333732.11616976,7.5332535767660485,67092619.63935824,61085720.90539761,1.4457139547301197,1297256587.4364588,1288755925.2948112,3.5562203735259437,25.05
7,50,1,0.99,16,1371507786.3989081,1376953759.0632937,1.2460924818734127,20535366.611464906,19793432.44390024,8.041313511219952,64970054.66283571,55677475.40246761,1.7161262298766196,1320427723.3518791,1329543791.9399629,3.3522810403001855,29.55
7,50,1,0.99,22,1394939921.0391247,1343310619.080541,1.313378761838918,30195545.860324834,29324148.085272998,6.1351703829454,67449622.41498516,57389020.45711262,1.630548977144369,1333774067.3500082,1287050047.5944295,3.5647497620278523,38.81
7,50,20,0.9,11,1402331546.6115675,1307500255.4516845,1.384999489096631,29942210.023215733,29172614.79676627,6.165477040646746,69199804.7183874,62594164.7979729,1.370291760101355,1341563106.9292867,1243360702.2072427,3.7831964889637866,3.14
7,50,20,0.9,16,1394158057.634179,1346391973.484523,1.3072160530309538,29974506.49919755,29116169.408071004,6.1767661183858,68505143.8321397,60767430.78088116,1.461628460955942,1331670583.3025057,1286533422.3634217,3.5673328881828916,3.62
7,50,20,0.9,22,1379638938.212293,1316464213.1544585,1.367071573691083,27450947.073583454,26792838.790566612,6.641432241886678,67834999.16247387,58054202.02821027,1.5972898985894866,1319682406.0812423,1260617408.7643971,3.6969129561780143,4.4
7,50,20,0.95,11,1374320468.4995322,1349142161.5519361,1.3017156768961278,27522239.921956524,26847867.84084564,6.630426431830871,69435165.09092696,62449975.55321221,1.3775012223393894,1313670853.1166618,1290746953.5640543,3.5462652321797288,4.42
7,50,20,0.95,16,1388035011.2038963,1330586279.2387598,1.3388274415224806,29226339.390728887,28256546.460572273,6.348690707885545,72359999.9343895,61502505.94855867,1.4248747025720663,1327131629.8634903,1271690941.9885883,3.641545290057058,6.05
7,50,20,0.95,22,1368006841.981189,1333456650.4223886,1.3330866991552228,24189059.93345429,23502423.28779955,7.299515342440089,67301257.82629636,62048091.13120268,1.3975954434398659,1311211618.5690546,1280107579.612416,3.59946210193792,7.85
7,50,20,0.99,11,1354558831.9734817,1334461099.4607189,1.3310778010785622,18470793.735366404,27312792.129199922,6.537441574160016,63338689.66112776,64201432.16869387,1.2899283915653066,1306957401.1972256,1274919905.107317,3.625400474463415,13.28
7,50,20,0.99,16,1357575939.3219478,1348419209.6718276,1.3031615806563448,22497302.816987794,21714032.258369435,7.657193548326114,61556547.68932299,57896572.283098295,1.6051713858450853,1302920621.0841818,1295741768.835738,3.5212911558213102,15.68
7,50,20,0.99,22,1365305344.1547675,1370022795.24541,1.2599544095091801,26621691.241992656,25678934.263486393,6.8642131473027215,67830482.87703256,61996394.130261764,1.4001802934869119,1305530258.6663623,1313402755.4894278,3.432986222552861,18.25
7,50,50,0.9,11,1406681148.9251387,1406681148.9251387,1.1866377021497225,20437942.85274441,20437942.85274441,7.912411429451117,69823547.77657308,69823547.77657308,1.008822611171346,1352791012.4172392,1352791012.4172392,3.236044937913804,0.02
7,50,50,0.9,16,1389064092.9617217,1389064092.9617217,1.2218718140765568,23632967.836263657,23632967.836263657,7.273406432747269,71167456.89882895,71167456.89882895,0.9416271550585523,1334786530.764456,1334786530.764456,3.32606734617772,0.02
7,50,50,0.9,22,1385628796.9250379,1385628796.9250379,1.2287424061499244,28502827.599529523,28502827.599529523,6.299434480094095,69748692.19838761,69748692.19838761,1.0125653900806195,1327152393.8581858,1327152393.8581858,3.364238030709071,0.02
7,50,50,0.95,11,1381675985.9672654,1381675985.9672654,1.2366480280654693,23641696.443571,23641696.443571,7.2716607112858,68052448.34104191,68052448.34104191,1.0973775829479047,1322745426.8765757,1322745426.8765757,3.3862728656171215,0.02
7,50,50,0.95,16,1373461233.2011218,1373461233.2011218,1.2530775335977564,27936211.686095305,27936211.686095305,6.412757662780939,68541205.52246454,68541205.52246454,1.0729397238767728,1310126261.3919265,1310126261.3919265,3.4493686930403675,0.02
7,50,50,0.95,22,1387563299.405992,1387563299.405992,1.224873401188016,26500038.178832296,26500038.178832296,6.699992364233541,69390867.05922665,69390867.05922665,1.0304566470386676,1329001352.0909128,1329001352.0909128,3.354993239545436,0.02
7,50,50,0.99,11,1391822878.343118,1391822878.343118,1.2163542433137642,26961002.207302902,26961002.207302902,6.60779955853942,69132480.2456988,69132480.2456988,1.0433759877150603,1332919531.6248527,1332919531.6248527,3.335402341875737,0.01
7,50,50,0.99,16,1371041273.7196088,1371041273.7196088,1.2579174525607824,22558856.56309073,22558856.56309073,7.488228687381855,67615535.9579046,67615535.9579046,1.1192232021047697,1316167373.3575373,1316167373.3575373,3.419163133212314,0.02
7,50,50,0.99,22,1383740382.480468,1383740382.480468,1.232519235039064,22922164.963272836,22922164.963272836,7.415567007345432,69143191.16655274,69143191.16655274,1.0428404416723631,1329475749.5644305,1329475749.5644305,3.3526212521778476,0.02
7,200,1,0.9,11,1368799785.9234536,1322194144.585672,1.3556117108286563,26749181.503267776,26008407.62406668,6.798318475186663,71972883.72857846,58389896.00025399,1.5805051999873005,1310358391.9707618,1270622870.5046034,3.646885647476983,9.19
7,200,1,0.9,16,1392449540.539546,1390344803.5202842,1.2193103929594316,21075492.152349997,20428956.74940932,7.914208650118137,70232965.04320961,62560155.753531285,1.3719922123234358,1338298150.1222477,1336916190.4463024,3.3154190477684877,11.55
7,200,1,0.9,22,1408470912.0181432,1311523481.5612729,1.3769530368774543,21049018.46690751,20253550.790838055,7.949289841832389,67990730.02378358,57161085.13622761,1.6419457431886195,1357758095.5393908,1262532713.9515495,3.687336430242252,14.31
7,200,1,0.95,11,1402286813.3999166,1321950623.267058,1.3560987534658842,28883242.543266427,28124602.188510913,6.375079562297818,69240630.29511052,60487983.68801615,1.4756008155991927,1340455328.7307954,1263494437.9184437,3.6825278104077817,14.38
7,200,1,0.95,16,1402516437.9410503,1347280481.3084016,1.3054390373831968,25786937.367255174,25024752.441155896,6.995049511768821,71538658.99876219,58943368.723585494,1.5528315638207253,1344849086.8277361,1293232049.4840915,3.533839752579542,16.1
7,200,1,0.95,22,1365178899.4374743,1350921681.7903895,1.298156636419221,29609870.686001044,28905092.04269376,6.218981591461248,65353134.26462657,59696624.83706349,1.5151687581468254,1304994690.4289155,1292041470.2572966,3.5397926487135174,19.7
7,200,1,0.99,11,1350975717.25994,1348653083.2102604,1.3026938335794793,22054191.932352755,30637159.248811398,5.87256815023772,64444881.00294578,62199688.16185223,1.3900155919073884,1297949873.2838113,1287370110.731176,3.5631494463441205,28.4
7,200,1,0.99,16,1375951310.9750206,1365468419.4374998,1.2690631611250005,19126430.59402018,27425308.757214334,6.514938248557133,64984422.607301384,58558812.20761772,1.572059389619114,1328285183.9185271,1308999066.4705193,3.4550046676474033,38.88
7,200,1,0.99,22,1363700415.7475967,1325966920.8629594,1.3480661582740812,21234043.388297927,20500480.54554499,7.899903890891002,69475989.68117625,60830766.51322785,1.4584616743386074,1308367150.9378848,1275350149.3860524,3.623249253069738,37.79
7,200,20,0.9,11,1390391445.195614,1373462007.4854934,1.2530759850290132,23939719.93403346,23219849.561222956,7.356030087755409,67337768.5133284,60648811.03242038,1.467559448378981,1334110605.0379994,1321101038.390246,3.3944948080487705,4.9
7,200,20,0.9,16,1423855074.992085,1297611104.463382,1.404777791073236,23708066.88756486,23032694.764276683,7.393461047144664,67275067.71481857,57839521.79314675,1.6080239103426623,1370255513.4481304,1243858418.3511076,3.780707908244462,7.22
7,200,20,0.9,22,1410484887.1586788,1338865586.5983684,1.3222688268032632,28868504.893766187,28085634.460036617,6.382873107992677,69944825.25715578,55831682.341314845,1.7084158829342577,1350307334.5939755,1281803654.4685717,3.590981727657142,8.11
7,200,20,0.95,11,1385559365.2587626,1345662889.6655035,1.308674220668993,27463329.971774314,26645451.75824939,6.670909648350122,70180661.08466208,60042117.54247349,1.4978941228763256,1326022180.0320938,1289393866.3842735,3.5530306680786325,8.47
7,200,20,0.95,16,1366740052.2333927,1316259620.4725804,1.3674807590548392,25677170.073372066,24833471.05350561,7.033305789298877,68519448.85098787,62536381.498234004,1.3731809250882998,1305037002.7861507,1257332000.1039875,3.7133399994800627,11.52
7,200,20,0.95,22,1403792195.7155359,1299451811.82283,1.40109637635434,23523000.871779397,22746343.457579523,7.450731308484095,67582131.166394,57008813.58520182,1.6495593207399089,1346281668.8935633,1245863561.9637885,3.7706821901810574,14.5
7,200,20,0.99,11,1380391917.104865,1339022318.8379815,1.321955362324037,25311466.63193119,24603502.624347195,7.079299475130561,64921765.40940393,57293293.9173074,1.6353353041346301,1324024620.023867,1285653765.3682284,3.5717311731588577,20.67
7,200,20,0.99,16,1367355500.6094284,1349026121.0521727,1.3019477578956546,27027093.21069147,26288109.59822329,6.7423780803553415,66550869.6408409,60110895.2598768,1.49445523700616,1311460238.795752,1295534179.916852,3.52232910041574,24.83
7,200,20,0.99,22,1384339072.876031,1324687255.9915063,1.3506254880169872,27278026.614339642,26471505.122948386,6.705698975410323,64792819.045527,60087370.621641316,1.4956314689179342,1331001520.8857095,1269671866.0623233,3.6516406696883834,28.2
7,200,50,0.9,11,1376720932.3625598,1361511487.0989096,1.2769770258021809,21050364.232729428,20147546.236150406,7.970490752769919,69299337.32440445,62701447.53671935,1.3649276231640324,1324580396.1299424,1308886093.866875,3.4555695306656253,3.66
7,200,50,0.9,16,1361301282.0654473,1360593973.959275,1.2788120520814499,18677711.904702008,21321584.000284642,7.735683199943072,61350484.08372053,59787962.54589338,1.510601872705331,1314540108.7488992,1312069843.5462604,3.439650782268698,5.09
7,200,50,0.9,22,1349169976.537095,1327691536.1526859,1.3446169276946283,26431352.786300067,25559344.67861324,6.888131064277351,64143675.234898224,58428689.59703576,1.578565520148212,1293339695.9961257,1272480381.1721756,3.637598094139122,5.94
7,200,50,0.95,11,1341483448.7840147,1371128893.7277586,1.2577422125444828,20592081.32158353,19935104.619782552,8.01297907604349,66575981.91380291,65242174.91151213,1.2378912544243936,1289418927.1369038,1315755291.5495138,3.421223542252431,6.01
7,200,50,0.95,16,1376131153.4965436,1361877997.8247755,1.276244004350449,31127291.532390762,30289785.64706538,5.942042870586924,66689581.191667385,61933104.91955933,1.4033447540220334,1313571753.1551883,1299536144.1332216,3.502319279333892,15.54
7,200,50,0.95,22,1417385939.9486194,1368371576.3844857,1.2632568472310286,21709639.147408836,20974857.17511948,7.805028564976105,73640454.42482288,64188877.02147795,1.2905561489261024,1361717396.678649,1312653980.754308,3.43673009622846,10.12
7,200,50,0.99,11,1367562263.895138,1362932522.1125097,1.2741349557749806,25175800.485219862,24369777.66642629,7.126044466714743,69578559.51183593,61377597.0956925,1.431120145215375,1305673552.2968938,1306015458.032134,3.46992270983933,16.89
7,200,50,0.99,16,1365331454.035924,1347787592.531453,1.3044248149370943,23306308.97429122,22671315.422646202,7.465736915470759,68366790.50544642,63143897.14334746,1.342805142832627,1310368043.183626,1296061001.3361986,3.5196949933190074,19.41
7,200,50,0.99,22,1382336691.5280824,1337113255.8851323,1.3257734882297354,28211050.411677234,27560480.37487978,6.487903925024043,67900304.49863558,59935321.77244495,1.5032339113777526,1323507401.4822335,1280345156.1819396,3.598274219090302,22.65
7,300,1,0.9,11,1411538696.0137756,1341560944.4334507,1.3168781111330985,24635908.490128655,23983811.11040379,7.203237777919242,71425857.74932002,61264192.676353365,1.4367903661823318,1358817750.1415286,1290092808.0782871,3.5495359596085643,9.62
7,300,1,0.9,16,1391810156.6836667,1373981398.62492,1.2520372027501603,27060463.346358374,26468437.515299607,6.706312496940079,69141720.10883597,61432914.805295475,1.4283542597352263,1334563369.8868196,1318845074.899736,3.40577462550132,12.71
7,300,1,0.9,22,1364370520.8175783,1365580147.8723547,1.2688397042552906,16049324.22092698,27919082.695896354,6.416183460820729,63866547.04246266,61168783.092207514,1.4415608453896243,1316529957.141848,1306570613.340721,3.4671469332963953,16.24
7,300,1,0.95,11,1352097109.8324964,1322356833.391564,1.3552863332168723,26428698.091140132,25793287.04980323,6.841342590039354,65536933.201339796,56736718.62761413,1.6631640686192934,1291957834.8105257,1262664891.4514894,3.686675542742553,13.75
7,300,1,0.95,16,1349675229.8459678,1333923541.0139334,1.3321529179721332,24496655.472076908,23608241.330966856,7.278351733806628,64692706.35057884,59523203.5809521,1.523839820952395,1293935306.3963673,1280438067.2235756,3.597809663882122,17.63
7,300,1,0.95,22,1413277213.604083,1339111713.532484,1.321776572935032,25128900.74683693,25163711.154377364,6.967257769124528,71598923.81509417,63379526.5045353,1.331023674773235,1355034103.25393,1283911091.5006332,3.5804445424968336,20.54
7,300,1,0.99,11,1344523501.9062612,1339598952.2747345,1.320802095450531,22860696.759231426,22258602.018604156,7.548279596279168,64714835.48530972,59208230.487730175,1.5395884756134912,1291898629.9712243,1286978872.6247797,3.5651056368761016,29.38
7,300,1,0.99,16,1400829662.570151,1355073616.2610931,1.2898527674778137,26306321.849945158,25660860.14632495,6.867827970735011,72202152.46058078,63709672.28165051,1.3145163859174744,1341818141.7688847,1295305264.0255399,3.5234736798723008,33.0
7,300,1,0.99,22,1366426037.8090138,1303186618.6969175,1.393626762606165,28556027.29957415,27832871.59690023,6.433425680619954,66017777.55223469,55041172.06665354,1.747941396667323,1308686502.4206774,1248248833.2152507,3.7587558339237463,46.1
7,300,20,0.9,11,1380915683.4518514,1372187121.2228959,1.2556257575542082,31162510.56241845,30488493.342164796,5.902301331567041,62866668.05095389,55825796.830701895,1.7087101584649051,1318882959.799168,1312999327.4052887,3.4350033629735566,5.72
7,300,20,0.9,16,1382416133.5154376,1333274777.185616,1.333450445628768,21891391.897429127,21246091.136152666,7.750781772769466,69652677.4133721,62138773.87505887,1.3930613062470567,1326386476.5064235,1279234801.2799175,3.6038259936004127,6.9
7,300,20,0.9,22,1384325738.379147,1311053403.022561,1.3778931939548777,26994411.395288743,26178915.21977452,6.7642169560450975,68075589.51870804,57816396.33751459,1.6091801831242707,1323552587.1531863,1254378372.0411825,3.7281081397940876,9.5
7,300,20,0.95,11,1379641401.970384,1332651653.7926826,1.3346966924146346,25589038.8709667,24718054.14554642,7.056389170890716,67634096.0633301,59383597.439856604,1.5308201280071698,1320684886.182505,1277358247.210123,3.613208763949385,9.8
7,300,20,0.95,16,1374145411.6402137,1281626937.4657602,1.4367461250684794,25168630.25553587,24361749.067255106,7.127650186548978,67114746.74213746,59681091.23271922,1.515945438364039,1317956109.4343848,1224307447.2022011,3.878462763988994,11.78
7,300,20,0.95,22,1387258352.2501712,1317720728.8542202,1.3645585422915596,24310477.437773246,23516197.372018475,7.296760525596306,65196994.56104683,58413792.3590457,1.579310382047715,1333316062.7018197,1265354322.4094782,3.673228387952609,14.24
7,300,20,0.99,11,1366740273.741576,1332666257.4080548,1.3346674851838904,24784118.235836383,24092290.59173061,7.181541881653878,68406914.2830878,63976194.21628734,1.301190289185633,1308772864.3286657,1277608348.97078,3.6119582551461007,21.94
7,300,20,0.99,16,1390503436.6981995,1324728904.4451492,1.3505421911097015,28875799.270357978,28145261.40602181,6.370947718795637,68885370.06592053,61210971.59476417,1.4394514202617914,1329321520.6452994,1266578857.8163457,3.6671057109182716,26.35
7,300,20,0.99,22,1382234649.144152,1339931171.5535846,1.320137656892831,26046026.469239034,25189799.91555081,6.962040016889837,69020787.19329841,63358557.366957314,1.3320721316521342,1323767286.4697623,1281852547.246501,3.5907372637674952,29.32
7,300,50,0.9,11,1325338583.6299095,1324478221.2567282,1.3510435574865436,14685363.00638058,24707202.500095796,7.05855949998084,56832449.621952586,56354051.93878009,1.6822974030609954,1282503357.0507247,1269114293.2663298,3.654428533668351,5.11
7,300,50,0.9,16,1391830230.0772927,1305744686.6385489,1.3885106267229024,26150280.932037737,25234042.419891022,6.953191516021795,67458494.66402368,57616497.46967122,1.619175126516439,1334797701.3998208,1250535539.9468532,3.747322300265734,5.83
7,300,50,0.9,22,1387538181.001533,1345747664.618206,1.308504670763588,24472900.5676476,24427251.883920625,7.114549623215875,65930260.668819375,63787243.06796472,1.310637846601764,1331946690.6564014,1289621844.3109388,3.5518907784453058,7.11
7,300,50,0.95,11,1359468178.4353206,1341336261.859893,1.3173274762802138,24689449.052358855,23958501.573867936,7.208299685226414,65191267.969036646,58931773.66899993,1.5534113165500034,1304841306.177462,1287139483.6651213,3.5643025816743936,7.2
7,300,50,0.95,16,1385980090.7746856,1364784447.2667122,1.2704311054665756,19074107.200093787,30088246.12202101,5.9823507755957985,64540004.21077836,62444984.59975208,1.3777507700123959,1336572830.7122571,1304242702.3413048,3.4787864882934763,9.41
7,300,50,0.95,22,1367542831.3700564,1314597557.0722787,1.3708048858554425,28536103.406569667,27726214.965379503,6.454757006924099,66826288.09832217,59121211.438211,1.5439394280894498,1307300805.5028641,1257065730.4267497,3.7146713478662514,11.4
7,300,50,0.99,11,1411662592.239563,1352011980.7919729,1.2959760384160544,34492792.35829305,33542060.1778937,5.29158796442126,70672953.53597732,61468805.82425135,1.4265597087874327,1345080558.835647,1288646236.7462583,3.5567688162687086,18.29
7,300,50,0.99,16,1365909803.5019186,1338822915.7372627,1.3223541685254745,21727877.10193101,21113135.62792099,7.777372874415803,66120163.05698866,61842753.097670674,1.4078623451164662,1314709413.979364,1285745411.7391891,3.5712729413040543,21.63
7,300,50,0.99,22,1371324695.9804091,1360217472.5796812,1.2795650548406377,28856518.793500822,28142633.241586395,6.371473351682721,66447768.992689505,60856419.75305382,1.457179012347309,1310234323.4477463,1301884034.908438,3.49057982545781,26.21
15,50,1,0.9,11,1391521263.1126723,1307234389.8771815,1.385531220245637,24124400.65091804,23415143.189477913,7.316971362104417,69776526.372448,59785024.8153253,1.5107487592337352,1339248006.922426,1252825096.2902591,3.7358745185487043,9.19
15,50,1,0.9,16,1386306866.8433154,1338249945.7806065,1.323500108438787,32078605.04957459,31348535.64828845,5.73029287034231,68136497.13338585,61298611.33136559,1.4350694334317204,1320076956.7934554,1274559839.5869591,3.6272008020652042,9.67
15,50,1,0.9,22,1396486344.6241424,1327098290.541785,1.34580341891643,28122492.770510238,27281714.345215693,6.543657130956861,67440526.88251713,57372237.94477211,1.6313881027613946,1338258369.4639232,1272955141.0952833,3.6352242945235838,12.01
15,50,1,0.95,11,1363721960.1578639,1350037615.9276042,1.2999247681447916,18169116.430668626,25228760.438279536,6.954247912344092,66526166.16617913,66317941.08585577,1.1841029457072116,1316984748.7282193,1293518607.2304525,3.532406963847737,13.41
15,50,1,0.95,16,1386541580.4529316,1355289738.6834414,1.2894205226331172,22971337.40243544,22194233.59249347,7.561153281501305,66145233.33392466,61320596.81542867,1.4339701592285667,1331718806.644161,1300551891.0082064,3.4972405449589683,15.37
15,50,1,0.95,22,1400004219.8966134,1328678281.0637698,1.3426434378724603,21334809.564662866,20422041.584019467,7.915591683196107,71907319.15413934,63843960.88079568,1.307801955960216,1343665484.2616017,1276299987.8800244,3.618500060599878,27.84
15,50,1,0.99,11,1346343104.5041986,1339051389.5094562,1.3218972209810878,26748900.663947333,26044020.330311812,6.7911959339376375,61287830.727898955,57266669.550139576,1.6366665224930212,1291002326.2167866,1283554489.6437042,3.5822275517814792,27.05
15,50,1,0.99,16,1354345965.2972195,1339672368.9880278,1.3206552620239445,24087200.14670013,23251182.557703212,7.349763488459358,64310423.93864883,57365516.23332738,1.6317241883336309,1299186282.6232293,1289986317.8226724,3.550068410886638,29.74
15,50,1,0.99,22,1381322573.863468,1357317101.9892378,1.2853657960215243,28299288.029117443,27550147.177234095,6.489970564553181,65963212.1005654,61965859.094201215,1.4017070452899392,1324746030.324668,1299938496.7709231,3.5003075161453845,34.08
15,50,20,0.9,11,1376819787.7676966,1329782409.827216,1.340435180345568,24953964.339483667,24106984.0884901,7.1786031823019805,64081624.97754902,55744375.39512384,1.7127812302438081,1323442502.465198,1278448181.8552816,3.607759090723592,3.54
15,50,20,0.9,16,1383441877.737837,1340961675.240179,1.3180766495196419,24000804.617857948,23331789.556775678,7.333642088644865,67291094.26893727,54650207.513675116,1.7674896243162441,1327816835.9779716,1289620717.3129985,3.5518964134350073,4.47
15,50,20,0.9,22,1368047774.093914,1334952457.4061077,1.3300950851877846,28466277.81551207,27945721.510887593,6.410855697822481,67900007.16667643,62181088.78377827,1.3909455608110863,1307300202.943674,1278071723.8517158,3.609641380741421,4.53
15,50,20,0.95,11,1369624346.1967425,1330006930.7876034,1.3399861384247933,29186105.27118591,28501641.397574298,6.29967172048514,66467946.37831611,58699551.11188381,1.5650224444058094,1308294599.409546,1271288109.6197891,3.6435594519010546,4.3
15,50,20,0.95,16,1386845708.8103912,1343467029.3160038,1.3130659413679924,23721853.321874727,23009740.19640379,7.3980519607192425,67634850.1464918,62457538.38072648,1.377123080963676,1331258117.9556115,1289467205.7419553,3.5526639712902237,5.9
15,50,20,0.95,22,1372926946.459671,1342192205.414461,1.3156155891710781,30531970.964803994,29618632.94161109,6.076273411677782,64055212.914020054,59906332.02794959,1.5046833986025208,1309627347.6750782,1281138666.3338223,3.594306668330889,7.35
15,50,20,0.99,11,1405031194.2417505,1325227920.290414,1.3495441594191717,19893191.355904084,19113498.28343997,8.177300343312005,68235552.98188637,59162212.870724425,1.5418893564637788,1355640386.8922763,1276952496.3631644,3.615237518184178,13.64
15,50,20,0.99,16,1375598176.2929854,1368407513.3615131,1.2631849732769738,27275274.74239279,26490337.77579384,6.7019324448412325,67467902.6847357,59752280.932465725,1.5123859533767137,1319043057.6121156,1311738781.9493957,3.441306090253022,16.47
15,50,20,0.99,22,1384248799.6390946,1331381324.8524182,1.3372373502951636,21167026.05024054,20353234.76122689,7.9293530477546215,64341658.138427146,56656419.65147242,1.667179017426379,1332210033.1908004,1281263982.9282923,3.5936800853585384,19.71
15,50,50,0.9,11,1382189638.760575,1382189638.760575,1.2356207224788498,22423703.88219906,22423703.88219906,7.515259223560188,65287592.76005592,65287592.76005592,1.235620361997204,1329297385.4861765,1329297385.4861765,3.3535130725691173,0.02
15,50,50,0.9,16,1376683505.600342,1376683505.600342,1.246632988799316,24194200.02049397,24194200.02049397,7.161159995901206,62662856.183563694,62662856.183563694,1.3668571908218152,1321589748.6934962,1321589748.6934962,3.3920512565325187,0.02
15,50,50,0.9,22,1400514437.8390968,1400514437.8390968,1.1989711243218064,21319293.545609534,21319293.545609534,7.736141290878093,70926536.85046858,70926536.85046858,0.9536731574765712,1349488162.3486674,1349488162.3486674,3.252559188256663,0.02
15,50,50,0.95,11,1397248689.1494942,1397248689.1494942,1.2055026217010116,24830367.076815944,24830367.076815944,7.03392658463681,69438682.28771225,69438682.28771225,1.0280658856143876,1338267700.032355,1338267700.032355,3.3086614998382244,0.02
15,50,50,0.95,16,1371354588.5232599,1371354588.5232599,1.2572908229534803,20065694.403024364,20065694.403024364,7.986861119395128,67433397.17819808,67433397.17819808,1.1283301410900959,1319672904.207445,1319672904.207445,3.4016354789627754,0.02
15,50,50,0.95,22,1378146461.8720212,1378146461.8720212,1.2437070762559577,18327903.155023754,18327903.155023754,8.334419368995249,68211009.05392164,68211009.05392164,1.089449547303918,1329535030.9190967,1329535030.9190967,3.3523248454045165,0.02
15,50,50,0.99,11,1365885179.136504,1365885179.136504,1.268229641726992,29013684.73172003,29013684.73172003,6.197263053655994,65871390.25926799,65871390.25926799,1.2064304870366003,1308261760.7794073,1308261760.7794073,3.4586911961029636,0.02
15,50,50,0.99,16,1360099931.0527747,1360099931.0527747,1.2798001378944506,25454606.198945735,25454606.198945735,6.909078760210853,66294777.98415164,66294777.98415164,1.185261100792418,1299586171.2802331,1299586171.2802331,3.5020691435988343,0.02
15,50,50,0.99,22,1376644639.9704804,1376644639.9704804,1.246710720059039,25846589.85846127,25846589.85846127,6.830682028307747,66908009.20221648,66908009.20221648,1.1545995398891757,1319273179.3070395,1319273179.3070395,3.4036341034648023,0.02
15,200,1,0.9,11,1374810167.446483,1358764640.7612453,1.2824707184775095,15754610.97585128,23820747.158905037,7.235850568218993,62094077.1418688,61449566.52461552,1.427521673769224,1330804868.3858788,1305650047.3277335,3.4717497633613323,10.3
15,200,1,0.9,16,1410778963.4722197,1303633025.4625561,1.3927339490748878,26705558.270373665,25904804.55258123,6.819039089483755,66671996.110788554,53882763.6959955,1.8058618152002248,1352857263.6144288,1248296458.5715075,3.7585177071424627,11.51
15,200,1,0.9,22,1358766705.8430681,1300148373.1852577,1.3997032536294847,33179801.179780893,32337173.595170565,5.532565280965887,65201568.699368134,57658774.943565644,1.6170612528217179,1297120951.060136,1239907374.5299485,3.8004631273502576,14.54
15,200,1,0.95,11,1365274374.2732334,1367039277.8452213,1.2659214443095574,25614682.19880148,24818422.07829597,7.036315584340806,61035328.26393728,59658678.88466038,1.517066055766981,1312119253.273314,1312929809.9728787,3.4353509501356063,14.82
15,200,1,0.95,16,1384820219.9218295,1355263367.9867818,1.2894732640264364,26466294.049911536,25705735.652514394,6.85885286949712,68429835.31247902,61065635.56885286,1.446718221557357,1326035650.2631385,1298175951.3034387,3.5091202434828066,17.91
15,200,1,0.95,22,1362888000.3031216,1288531186.6218123,1.4229376267563754,30826923.5162653,30177462.86873107,5.964507426253786,67286282.56932794,56522951.42247069,1.6738524288764656,1300795610.3981674,1229172084.504101,3.854139577479495,20.28
15,200,1,0.99,11,1384070666.5640662,1331230504.5991778,1.3375389908016444,28386070.585252613,27706744.724904034,6.458651055019193,72458049.35339144,62192075.586974114,1.3903962206512943,1320807607.1929913,1271752189.096649,3.6412390545167552,29.1
15,200,1,0.99,16,1404411482.6558423,1305383544.5181465,1.389232910963707,23445062.62948788,22660117.859148007,7.467976428170398,70851204.14527828,57944846.296330124,1.6027576851834937,1348171420.3155432,1251616438.1464167,3.7419178092679166,33.78
15,200,1,0.99,22,1408074886.2887468,1367360612.6575308,1.2652787746849383,25252088.47633827,24299729.2939618,7.1400541412076395,68006473.8113137,59277093.11401607,1.5361453442991964,1351910561.2715502,1312932734.0991755,3.4353363295041226,51.26
15,200,20,0.9,11,1394121896.007422,1318558298.2161922,1.3628834035676156,19604752.149591632,18932822.902533747,8.213435419493251,65956773.97050861,56073611.68853976,1.6963194155730121,1343540352.0906074,1271048599.0113654,3.644757004943173,5.89
15,200,20,0.9,16,1375947943.926409,1347766377.2500536,1.3044672454998927,21684516.512409005,20713236.633912675,7.857352673217465,63949206.92722017,54474962.51866608,1.776251874066696,1324026770.095023,1299648138.6605437,3.5017593066972816,8.07
15,200,20,0.9,22,1373268084.6489913,1288629361.037598,1.4227412779248043,22314189.57007839,21417717.733955044,7.716456453208992,67605526.10616416,59552715.38368786,1.522364230815607,1317689805.4149077,1235009308.2710807,3.8249534586445963,9.32
15,200,20,0.95,11,1379529342.4301069,1321203076.892477,1.3575938462150459,24618025.965329427,23963658.90874059,7.207268218251881,70215007.5647046,63765585.53333739,1.3117207233331305,1321560070.3545752,1264881578.3772132,3.6755921081139338,9.25
15,200,20,0.95,16,1383765260.9245253,1344026140.391961,1.3119477192160778,24547076.457602892,23800923.371081386,7.239815325783724,68726869.63032746,61281183.98919764,1.435940800540118,1328938333.3139815,1291367555.7442646,3.543162221278677,11.16
15,200,20,0.95,22,1380970681.0021746,1318255261.5932212,1.3634894768135577,25002034.0654447,24205102.28376544,7.158979543246913,63496287.488514826,54801693.66718797,1.7599153166406016,1324206484.192408,1264417693.0856407,3.6779115345717965,13.61
15,200,20,0.99,11,1414311870.4718356,1312973052.5628905,1.374053894874219,19923295.60760547,19079286.81225318,8.184142637549364,70021948.53695151,58926805.73726285,1.5536597131368575,1359281185.5385442,1259701648.1604865,3.701491759197568,21.73
15,200,20,0.99,16,1357552533.8033361,1333832832.8417645,1.332334334316471,18473224.531798303,17771334.09997061,8.445733180005877,67356896.35693613,57969727.46752463,1.6015136266237684,1304942195.0701141,1286237836.8232045,3.5688108158839773,26.26
15,200,20,0.99,22,1392617691.0884943,1366372724.7909534,1.2672545504180932,21729794.230290104,21079287.769002754,7.78414244619945,70063663.10161676,64487013.87763084,1.2756493061184582,1336922740.0147164,1313111907.6600497,3.4344404616997517,32.15
15,200,50,0.9,11,1332844369.5851133,1330295508.0659213,1.3394089838681573,32336184.18451986,31636849.724538285,5.672630055092343,63918341.8949243,58535638.14577655,1.5732180927111725,1268996642.4829547,1267675227.061114,3.6616238646944295,4.67
15,200,50,0.9,16,1394054442.3966389,1342849069.943743,1.314301860112514,24286048.89283702,23498988.14560043,7.300202370879914,72806406.01712942,61434721.29005615,1.4282639354971927,1335572845.5208898,1287320708.9750607,3.5633964551246966,5.26
15,200,50,0.9,22,1351824196.952309,1347049394.177605,1.3059012116447901,30496533.959137682,29758588.833383758,6.048282233323248,62786260.81687484,57409064.87841081,1.6295467560794596,1289503220.1798897,1286534831.5876725,3.5673258420616376,7.09
15,200,50,0.95,11,1398135399.187012,1340486410.1866353,1.3190271796267294,20964033.61675523,19890780.421141334,8.021843915771733,67695214.32421483,59761106.77617569,1.5119446611912153,1346010586.306824,1287869717.5972044,3.5606514120139776,7.65
15,200,50,0.95,16,1390445223.7190282,1302981375.1629667,1.3940372496740665,27175068.94013917,26432064.375052217,6.713587124989557,67710783.23229729,57339549.1328385,1.633022543358075,1332953909.2407687,1245488253.049386,3.77255873475307,9.3
15,200,50,0.95,22,1384566699.3319314,1375864395.794841,1.2482712084103178,30325638.954013735,29460731.008606717,6.107853798278657,65843417.45943226,63722507.38834737,1.3138746305826314,1324027544.9007518,1316090852.4901164,3.4195457375494183,11.14
15,200,50,0.99,11,1389595120.9767284,1348790082.4706304,1.3024198350587393,32671584.444024682,31711297.821181465,5.657740435763707,70040421.10343093,64856269.939961,1.25718650300195,1325981788.5215976,1282387699.082922,3.58806150458539,19.35
15,200,50,0.99,16,1370919498.5375793,1341201636.227448,1.317596727545104,27117172.191693053,26173336.57296684,6.765332685406631,66238921.22082557,54926703.160649754,1.7536648419675123,1310788785.5762212,1288078389.2601469,3.559608053699266,22.15
15,200,50,0.99,22,1367040214.7121584,1315211684.9282627,1.3695766301434746,20244284.53097835,19356159.556309175,8.128768088738164,66261131.556938976,58790650.86629205,1.5604674566853973,1315564044.311255,1266882674.1225896,3.665586629387052,25.98
15,300,1,0.9,11,1382932140.0915673,1320296995.0093062,1.3594060099813876,32616323.552609306,31983614.83925331,5.603277032149338,69424387.61527814,60802809.96757434,1.4598595016212828,1318620844.773951,1255618346.957402,3.7219082652129902,10.89
15,300,1,0.9,16,1377862958.1663892,1338961715.6311965,1.322076568737607,29204209.025808346,28427473.489608116,6.314505302078377,69616485.62054974,63697141.64434172,1.315142917782914,1319802275.2523978,1279677707.3996527,3.6016114630017366,14.17
15,300,1,0.9,22,1386424392.5877721,1315734333.93525,1.3685313321294998,27040797.89043513,26324342.64260676,6.735131471478647,67745391.2340643,56033955.47613432,1.6983022261932839,1326617725.0697377,1259904271.9204483,3.7004786403977583,19.23
15,300,1,0.95,11,1376587816.7788553,1308741945.589803,1.382516108820394,27093339.64826774,26308249.77613861,6.738350044772278,67934855.5242966,60605767.271105625,1.4697116364447187,1318988525.0627704,1248033201.0533743,3.7598339947331287,18.54
15,300,1,0.95,16,1365046943.0838206,1346703728.1651123,1.3065925436697754,19613265.528208174,18695441.94261126,8.260911611477747,68345908.13307145,66387294.41949194,1.180635279025403,1312970877.6347268,1294072300.777009,3.5296384961149547,20.95
15,300,1,0.95,22,1397602237.6809099,1350461041.0961092,1.2990779178077816,22828577.760328673,21979161.155848376,7.604167768830325,71499868.29677254,63502381.06078391,1.3248809469608047,1339896549.922409,1294242256.9855158,3.528788715072421,25.17
15,300,1,0.99,11,1401427175.6429524,1368548155.0521073,1.2629036898957853,23097300.768831,22329936.556841593,7.53401268863168,70032356.48910245,59316837.50773347,1.5341581246133265,1345209692.232737,1317044718.26005,3.41477640869975,33.86
15,300,1,0.99,16,1346418452.873294,1355441426.6932442,1.2891171466135116,19100358.53161515,30061652.87908695,5.98766942418261,67234071.56195964,63905841.87402876,1.304707906298562,1293320297.8765779,1289610106.027744,3.5519494698612797,50.86
15,300,1,0.99,22,1384852000.982576,1334554145.7912233,1.3308917084175533,26237805.415231824,25382553.13303418,6.9234893733931635,68753757.84627137,57963721.07821188,1.6018139460894059,1325239695.1365857,1281619053.2507002,3.5919047337464987,43.89
15,300,20,0.9,11,1376407772.395703,1333314376.7036269,1.3333712465927463,18783426.23927722,17989549.884564284,8.402090023087144,68955503.13535616,61943292.254768685,1.4028353872615658,1323243888.931226,1283652696.411931,3.5817365179403446,6.62
15,300,20,0.9,16,1380509952.5937712,1331013785.791326,1.337972428417348,21235114.675096095,20623895.121293258,7.875220975741348,64877469.60764448,58707007.76389092,1.5646496118054538,1328914881.8146043,1278781665.9427948,3.606091670286026,8.18
15,300,20,0.9,22,1401258455.6226902,1307139330.9904602,1.3857213380190796,23383312.250886068,22562153.596628398,7.487569280674321,70376507.59799083,59267421.758215055,1.5366289120892473,1345019046.2157977,1255895642.2083912,3.720521788958044,10.5
15,300,20,0.95,11,1358276091.0779266,1366720250.243868,1.2665594995122638,13716625.758349588,21406469.247666433,7.718706150466713,57233780.78144459,60060432.47467688,1.4969783762661562,1316822414.8767104,1315100140.9645224,3.4244992951773883,11.45
15,300,20,0.95,16,1403589668.9193015,1340521900.3127215,1.318956199374557,27987441.814315993,27241590.51957393,6.5516818960852135,67924000.11078958,59973828.41528974,1.5013085792355132,1342901120.100663,1280826082.142791,3.595869589286045,13.5
15,300,20,0.95,22,1401518569.2059216,1359259158.8457117,1.2814816823085766,28520065.761458922,27751183.434225705,6.449763313154859,67417100.4001385,59663236.51227072,1.516838174386464,1343881944.1311903,1302994016.660361,3.4850299166981946,16.37
15,300,20,0.99,11,1369304274.55115,1346227699.2258997,1.3075446015482006,21084820.291536044,20482447.335418426,7.903510532916315,66154628.361764565,59869636.142685056,1.5065181928657472,1317733377.7374816,1294442599.4192345,3.5277870029038274,24.75
15,300,20,0.99,16,1339903627.2710018,1353410376.5124357,1.2931792469751286,16656216.635344828,23213843.22555163,7.357231354889673,62160864.438854925,63623389.75823637,1.3188305120881814,1291059689.4118502,1296129600.7649226,3.519351996175387,29.57
15,300,20,0.99,22,1419301738.5515811,1313889391.0003428,1.3722212179993143,27625254.985810902,26830223.502732247,6.63395529945355,74395436.92482108,59379960.439582534,1.5310019780208732,1358717191.99543,1257243092.0612292,3.713784539693854,33.37
15,300,50,0.9,11,1400057801.7290642,1384448694.8360217,1.2311026103279568,23331423.528151058,22491366.410107613,7.501726717978477,68536119.83016169,59979939.45420507,1.5010030272897463,1346811365.1268497,1332061093.428737,3.3396945328563152,6.35
15,300,50,0.9,16,1383483207.6975405,1315363451.4163764,1.3692730971672473,25012924.07638439,24171485.143216524,7.165702971356696,66278708.47881924,56570303.72558501,1.6714848137207494,1330902210.9707935,1263957739.9152544,3.680211300423728,6.98
15,300,50,0.9,22,1389145628.8504987,1360097205.8784852,1.2798055882430297,20041573.892227437,19262363.3060169,8.14752733879662,69090705.89585583,60313609.14868662,1.4843195425656692,1339982209.957676,1313204839.5570562,3.433975802214719,8.07
15,300,50,0.95,11,1358382454.1727347,1299268201.0576065,1.4014635978847871,23436874.4032434,22692020.4781155,7.4615959043769005,64087284.31701122,56340875.85175331,1.6829562074123345,1301233117.9855585,1245826094.8019028,3.770869525990486,8.6
15,300,50,0.95,16,1397538804.2102299,1329470747.809252,1.341058504381496,28272260.202465437,27510772.947728943,6.497845410454212,66231959.87059046,58575611.64314288,1.571219417842856,1338140741.0594327,1272449926.6356876,3.637750366821562,11.15
15,300,50,0.95,22,1410437021.3794594,1355489596.357784,1.289020807284432,22316410.130783476,21473443.375462808,7.705311324907439,68453576.0552246,57775737.186535165,1.6112131406732417,1357322091.6918132,1305213969.0530884,3.473930154734558,12.74
15,300,50,0.99,11,1389044462.5446806,1349799912.904166,1.300400174191668,22981236.006057274,22272462.460741714,7.545507507851657,67655604.25967874,60940087.22209361,1.4529956388953194,1334340359.455287,1294484253.83526,3.5275787308237003,20.48
15,300,50,0.99,16,1363257114.3630924,1287003642.4092298,1.4259927151815406,25140206.845830046,24244646.820036136,7.151070635992773,67072944.04019592,56749062.40155272,1.662546879922364,1304399489.5715249,1231658319.601969,3.841708401990155,24.5
15,300,50,0.99,22,1381917928.1130352,1328408846.6055882,1.3431823067888236,26014509.195174526,25249564.15950545,6.95008716809891,71025600.02898332,63383666.35543429,1.3308166822282854,1327161391.4459019,1272431269.937773,3.637843650311135,28.71
